Candidato;Partido;Ordem2;Circ;Gend
Moisés Salvador Coelho Ferreira;BE;1;aveiro;1
Nélson Ricardo Esteves Peralta;BE;2;aveiro;1
Sara Raquel Ferreira da Costa;BE;3;aveiro;0
Ana Luzia Quintela dos Santos Cruz;BE;4;aveiro;0
João Paulo Do Couto Matos;BE;5;aveiro;1
Luciana de Oliveira Reis;BE;6;aveiro;0
Renato Filipe de Barros Santiago;BE;7;aveiro;1
Andreia Bibiana Leite Pinho;BE;8;aveiro;0
Eduardo Gabriel Baptista Couto;BE;9;aveiro;1
Catarina Matoso Bento de Lucena Valadas;BE;10;aveiro;0
João Miguel Moniz Laranjeira Silva;BE;11;aveiro;1
Fernanda Maria dos Santos Lopes;BE;12;aveiro;0
Rita Alexandra Monteiro Baptista;BE;13;aveiro;0
Tiago de Oliveira Paiva;BE;14;aveiro;1
Sónia Isabel Lopes de Almeida Pinto;BE;15;aveiro;0
Luís Manuel Guedes Mourão Ribeiro;BE;16;aveiro;1
José Lucílio Segismundo Esteves;BE;1;beja;1
Fátima do Nascimento Cabeleira Teixeira;BE;2;beja;0
Gonçalo Martins Monteiro;BE;3;beja;1
José Maria Barbosa Cardoso;BE;1;braga;1
Maria Alexandra Nogueira Vieira;BE;2;braga;0
Sónia Cristina Patrocínio Gonçalo Ribeiro;BE;3;braga;0
Miguel Afonso Neves Gonçalves da Silva Martins;BE;4;braga;1
Raquel Maria Dias Azevedo;BE;5;braga;0
Marco Filipe Vieira Gomes;BE;6;braga;1
Sandra Cristina Andrade Carvalho;BE;7;braga;0
Ricardo Jorge da Silva Cerqueira;BE;8;braga;1
Catarina Ferraz Maia Pereira;BE;9;braga;0
Maximiliano Nuno Torres Sá Pereira;BE;10;braga;1
Andrea Celeste Teixeira Fernandes Lopes;BE;11;braga;0
Carlos Manuel Pereira Silva Amaral Machado;BE;12;braga;1
Pedro Manuel Gonçalves Nogueira;BE;13;braga;1
Teresa Alexandra Carvalho Amorim;BE;14;braga;0
Manuel Gomes Cardoso Gonçalves Pereira;BE;15;braga;1
Manuela Cândida Airosa da Silva Gonçalves;BE;16;braga;0
José Pedro Vaz da Costa Andrade;BE;17;braga;1
Maria Gorete Pimentel Queirós;BE;18;braga;0
João Manuel Garcia Rodrigues;BE;19;braga;1
André Xavier Ferreira;BE;1;braKanca;1
Raquel Maria Evaristo Teixeira;BE;2;braKanca;0
Sandra Teixeira Soares;BE;3;braKanca;0
Cristina Maria Borges dos Santos da Silva Guedes;BE;1;castelo_b;0
Sónia Alexandra Lourenço de Brito Reis;BE;2;castelo_b;0
Rui Pedro Lopes Beato;BE;3;castelo_b;1
Nuno Alexandre Ramos Costa;BE;4;castelo_b;1
José Manuel Marques da Silva Pureza;BE;1;coimbra;1
Miguel Gonçalo Cardina Codinha;BE;2;coimbra;1
Anabela Marisa de Jesus Rodrigues Azul;BE;3;coimbra;0
Gisela Patrícia Duarte de Almeida;BE;4;coimbra;0
Serafim José dos Santos Duarte;BE;5;coimbra;1
António Joaquim Marinho da Silva;BE;6;coimbra;1
Cristina Maria Alves de Matos Oliveira;BE;7;coimbra;0
Mariana Antunes Garrido;BE;8;coimbra;0
João Miguel dos Reis Simões Santo;BE;9;coimbra;1
Bruno Manuel dos Santos Martins;BE;1;evora;1
Joana de Sousa Santos Micaelo;BE;2;evora;0
Sandra Marina de Sousa Gonçalves Dias;BE;3;evora;0
José Guilherme Figueiredo Nobre de Gusmão;BE;1;faro;1
Igor Miguel Gago;BE;2;faro;1
Sandra Cristina Ferreira da Costa;BE;3;faro;0
Inês Margarida Marreiros Gonçalves;BE;4;faro;0
João Miguel Mendes Faria Paulos Varela;BE;5;faro;1
Maria Helena de Almeida Barão e Baião;BE;6;faro;0
Aníbal Acácio Mendes Coutinho;BE;7;faro;1
Célia Maria Alves Gonçalves;BE;8;faro;0
Jorge Manuel Albano da Encarnação Ramos;BE;9;faro;1
Pedro Miguel da Cruz Cardoso;BE;1;guarda;1
Beatriz Realinho Pires;BE;2;guarda;0
Tiago Antunes da Silva;BE;3;guarda;1
Ricardo Silva Vicente;BE;1;leiria;1
Lina Maria Carreira de Oliveira;BE;2;leiria;0
Carlos Manuel dos Santos Sousa Ubaldo;BE;3;leiria;1
Telma de Jesus Laborinho Ferreira;BE;4;leiria;0
Luís Miguel Ferreira da Silva;BE;5;leiria;1
Célia Margarida Narciso da Silva Cavalheiro;BE;6;leiria;0
Pedro Miguel Luzio Pereira;BE;7;leiria;1
Ana Rita Oliveira Vieira;BE;8;leiria;0
António Paulo Brandão Moniz de Jesus;BE;9;leiria;1
Ana Isabel Pereira da Costa Bernardes;BE;10;leiria;0
Mariana Rodrigues Mortágua;BE;1;lisboa;0
Pedro Filipe Gomes Soares;BE;2;lisboa;1
Bruno da Cruz Maia;BE;3;lisboa;1
Beatriz Gebalina Pereira Gomes Dias;BE;4;lisboa;0
Leonor Samara Rosas;BE;5;lisboa;0
Alexandre José Germano de Abreu;BE;6;lisboa;1
Bruno Miguel Góis Carreira;BE;7;lisboa;1
Andreia Almeida Duarte Baptista Galvão;BE;8;lisboa;0
Marcos Farias Ferreira;BE;9;lisboa;1
Diana Marta Louro Pereira;BE;10;lisboa;0
Rita Lage Sarrico;BE;11;lisboa;0
Luís Filipe Garcia de Castro e Salgado;BE;12;lisboa;1
Tânia Alexandra do Carmo Russo;BE;13;lisboa;0
David Machado Ferreira;BE;14;lisboa;1
Alexandre Manuel de Oliveira Café;BE;15;lisboa;1
Ackssana Rodrigues da Silva;BE;16;lisboa;0
António Almeida Lopes Pito;BE;17;lisboa;1
João Alexandre Pires Fernandes;BE;18;lisboa;1
Sónia Isabel Vicente Pedro;BE;19;lisboa;0
Pedro Manuel Nunes Jorge Pisco;BE;20;lisboa;1
Maria Sara Algodres Simões;BE;21;lisboa;0
João Nuno Ribeiro Mineiro;BE;22;lisboa;1
Maria Helena de Sousa Figueiredo;BE;23;lisboa;0
Afonso Maria da Silva Moreira;BE;24;lisboa;1
Daniel José Martins Carapau;BE;25;lisboa;1
Ana Sofia Beirão Catela Valadas Lopes;BE;26;lisboa;0
João Vasco Cruzeiro de Oliveira Barata;BE;27;lisboa;1
Belandina Maria Rocha Vaz;BE;28;lisboa;0
Paulo Jorge Gomes Vieira;BE;29;lisboa;1
Paula Cristina Pontes Pereira Rosa;BE;30;lisboa;0
Dora Maria Batista Cruz Viegas;BE;31;lisboa;0
Jorge Humberto Berardo Nogueira;BE;32;lisboa;1
Joana Filipa Amaral Grilo;BE;33;lisboa;0
Ana Isabel Monteiro Vieira de Castro;BE;34;lisboa;0
Hugo Filipe Coelho Parreira;BE;35;lisboa;1
Ana Rita Durães Cardoso;BE;36;lisboa;0
Carlos Luís da Costa Gonçalves;BE;37;lisboa;1
Joana Filipa Mourisca e Pires Teixeira;BE;38;lisboa;0
Maria Isabel Sousa Alcobia;BE;39;lisboa;0
Bernardo Manuel Caravau Guedes Camisa;BE;40;lisboa;1
Maria Pinto de Carvalho Escaja Gonçalves;BE;41;lisboa;0
Luís Miguel Almeida Santos;BE;42;lisboa;1
Carla Cecília de Almeida Travessa;BE;43;lisboa;0
João Luís Lima de Morais;BE;44;lisboa;1
António Freire Fazenda;BE;45;lisboa;1
Catarina Bendito de Medeiros;BE;46;lisboa;0
Luís Miguel Janeiro Mós;BE;47;lisboa;1
Maria Isabel Pinto Ventura;BE;48;lisboa;0
Cecília Maria Mateus Lopes Carrilho;BE;1;portalegre;0
José Carlos Soares;BE;2;portalegre;1
Catarina Soares Martins;BE;1;porto;0
José Borges de Araújo de Moura Soeiro;BE;2;porto;1
Isabel Cristina Rua Pires;BE;3;porto;0
Maria Teresa Burnay Summavielle;BE;4;porto;0
Adriano Pereira Campos;BE;5;porto;1
Vânia Patrícia Abreu Felício;BE;6;porto;0
Fernando Manuel Costa Barbosa;BE;7;porto;1
Nelson de Jesus Martins da Silva;BE;8;porto;1
Sónia Paula de Magalhães Garrido de Sousa;BE;9;porto;0
Hugo Jorge Fabião Veludo Silva e Sousa;BE;10;porto;1
Ana Isabel Carneiro Gouveia da Silva;BE;11;porto;0
Rita de Aires Pacheco Domingues;BE;12;porto;0
Pedro Miguel Pereira Faria;BE;13;porto;1
Ana Rute Sobral Marcelino;BE;14;porto;0
Carla Liliana Pais Pires Quintas;BE;15;porto;0
Serafim Jorge Leal Soares;BE;16;porto;1
João Pedro de Andrade Pinho da Silva;BE;17;porto;1
Amarilis Vaz Felizes;BE;18;porto;0
Maria da Conceição Azevedo Sereno;BE;19;porto;0
Jorge Miguel Seixas de Albuquerque;BE;20;porto;1
Nuno Miguel Barbosa Almeida Silva;BE;21;porto;1
Ana Filipa da Silva Morais De Afonseca;BE;22;porto;0
Elisabete Susana Vieira Carvalho;BE;23;porto;0
Hugo Filipe Carvalho Teixeira Monteiro;BE;24;porto;1
Silvestre Santos Gomes Pereira;BE;25;porto;1
Andrea Luís Valente Rodrigues de Castro Peniche;BE;26;porto;0
António Sousa Soares;BE;27;porto;1
Rui Pedro Rodrigues de Lima Moreira;BE;28;porto;1
Beatriz Lima Vieira;BE;29;porto;0
Evandra Isabel Amor Gonçalves Almeida;BE;30;porto;0
Filipe Colim Gabriel;BE;31;porto;1
Luísa Maria Porto Ferreira da Silva;BE;32;porto;0
Sérgio Alfredo Conceição da Silva e Sousa;BE;33;porto;1
Duarte João da Costa Graça;BE;34;porto;1
Sara Cristina Oliveira dos Santos;BE;35;porto;0
Sílvia Raquel Marques Agra;BE;36;porto;0
Paulo Jorge Santos Oliveira;BE;37;porto;1
Mariana Faria Pereira;BE;38;porto;0
Tiago José Novais Matos;BE;39;porto;1
Manuel Fernando Morais Vieira;BE;40;porto;1
Fabíola da Cruz Neto Cardoso;BE;1;santarem;0
Mariana Martins Varela;BE;2;santarem;0
Paulo Cristiano Rosa Ferreira Marques;BE;3;santarem;1
Luís Artur Ribeiro Gomes;BE;4;santarem;1
Maria da Conceição Marques dos Anjos;BE;5;santarem;0
Henrique dos Reis Leal;BE;6;santarem;1
Maria da Luz Alves Lopes;BE;7;santarem;0
Tiago Costa Carvalho;BE;8;santarem;1
Joana Filipa Vidigal Cardoso Patrício;BE;9;santarem;0
Joana Rodrigues Mortágua;BE;1;setubal;0
Diana Vanessa da Conceição dos Santos;BE;2;setubal;0
Daniel Cardoso Bernardino;BE;3;setubal;1
Tânia Sofia Barroso Ramos;BE;4;setubal;0
Adelino Manuel Guimarães Fortunato;BE;5;setubal;1
Mário André Pinheiro de Magalhães Macedo;BE;6;setubal;1
Sónia Sofia Pereira Figueiredo;BE;7;setubal;0
Inês Pezarat Correia Bom;BE;8;setubal;0
Joaquim Inácio Raminhos Cabaça;BE;9;setubal;1
Francisco Miguel Correia Morais Morais;BE;10;setubal;1
Márcia Patrícia Lima e Silva Soares;BE;11;setubal;0
Vanessa Sofia Tavares de Sousa;BE;12;setubal;0
Fernando Alberto Pinho Alves;BE;13;setubal;1
Ricardo José Monteiro da Silva Caçoila;BE;14;setubal;1
Mariana Vieira de Jesus Pires Ribeiro;BE;15;setubal;0
João Carlos Carvalho da Fonseca Pereira;BE;16;setubal;1
Andreia Patrícia Rodrigues Martins;BE;17;setubal;0
Leandro Philippe Xavier Lagarto;BE;18;setubal;1
Luís Filipe de Oliveira Louro;BE;1;viana_c;1
Susana Varela Braga;BE;2;viana_c;0
Jorge Manuel Gomes Teixeira;BE;3;viana_c;1
Maria de Lurdes dos Santos Sousa;BE;4;viana_c;0
Ricardo André de Castro Pereira;BE;5;viana_c;1
Adriana Beatriz Oliveira Temporão;BE;6;viana_c;0
Enara Teixeira;BE;1;vila_r;0
Carlos Manuel Moreira Gomes;BE;2;vila_r;1
José Luís da Silva Rodrigues;BE;3;vila_r;1
Rita Marques Barbosa;BE;4;vila_r;0
Luís Miguel Mourão dos Santos;BE;5;vila_r;1
Manuela Maria Coelho Antunes;BE;1;viseu;0
Manuel da Rocha Coelho;BE;2;viseu;1
Inês Maria da Silva Coelho;BE;3;viseu;0
José Miguel Silva Lopes;BE;4;viseu;1
Maria Adelaide Rosa Osório;BE;5;viseu;0
David Filipe dos Santos;BE;6;viseu;1
Raluca Georgetta Ionicã;BE;7;viseu;0
Pedro Manuel da Silva Pinto;BE;8;viseu;1
Maria Luísa Lopes Alves dos Santos Marques;BE;1;madeira;0
Miguel Ângelo Monteiro da Silva;BE;2;madeira;1
Alzira Neli de Aguiar Mala Azevedo;BE;3;madeira;0
Paulo Sérgio Freitas Sousa;BE;4;madeira;1
Carina Sofia Fernandes Quintal;BE;5;madeira;0
Rui Manuel Ferrão Pereira;BE;6;madeira;1
Jéssica Costa Pacheco;BE;1;acores;0
Hugo Alexandre da Silva Bettencourt;BE;2;acores;1
Aurora Maria Agostinho Ribeiro;BE;3;acores;0
Pedro Gaspar Amaral;BE;4;acores;1
Vera Lúcia Pinheiro Pires;BE;5;acores;0
Maria Teresa Nóbrega Duarte Soares;BE;1;europa;0
Bruno Maurício André Fialho de Assunção;BE;2;europa;1
Miguel Luís Delgado Heleno;BE;1;fora;1
Célia Maria Lopes Martins;BE;2;fora;0
Martim José Rosado Borges de Freitas;CDS;1;aveiro;1
José António Nogueira Souto Amaro Pereira;CDS;2;aveiro;1
Lília Ana da Cruz Oliveira Martins Águas;CDS;3;aveiro;0
Fernando Manuel Carvalho Camelo Almeida;CDS;4;aveiro;1
Ana Rita Ferreira Ramos;CDS;5;aveiro;0
António Mário Carvalho Sousa;CDS;6;aveiro;1
Liliana de Oliveira da Cruz;CDS;7;aveiro;0
António Pinto Moreira;CDS;8;aveiro;1
Sandra Marisa Queiroz Ferreira da Silva;CDS;9;aveiro;0
Carlos Augusto Oliveira Valente;CDS;10;aveiro;1
António Jesus Falcão Pereira;CDS;11;aveiro;1
Sandra Cristina Calisto Roque;CDS;12;aveiro;0
Sandra Isabel Silva Melo de Almeida;CDS;13;aveiro;0
Pedro Tomás Pereira Marques;CDS;14;aveiro;1
Ana Patrícia Vinhal Matos Sanches;CDS;15;aveiro;0
Marco António Dias Carvalho;CDS;16;aveiro;1
Francisco Calheiros Lopes de Seixas Palma - Independente;CDS;1;beja;1
Patrícia Isabel da Silva Pinheiro Sequeira Guerreiro - Independente;CDS;2;beja;0
Maria Eduarda Mira Cruz Vilhena Nobre - Independente;CDS;3;beja;0
José Paulo Ferreira Areia de Carvalho;CDS;1;braga;1
Abílio Fernando Bragança Milheiro;CDS;2;braga;1
Ana Raquel Correia de Carvalho;CDS;3;braga;0
Diogo Carlos Mendes Almeida da Silva;CDS;4;braga;1
João Vicente Ribeiro Salgado;CDS;5;braga;1
Renata Filipa Oliveira Faria;CDS;6;braga;0
José Manuel Carvalho Lopes;CDS;7;braga;1
Martinho de Jesus Vieira de Faria;CDS;8;braga;1
Tânia Sofia Lima da Mota;CDS;9;braga;0
Francisco Alberto Vilela Correia;CDS;10;braga;1
João Paulo Gomes Pinto Campelos;CDS;11;braga;1
Neli Mota Pereira;CDS;12;braga;0
João Avelino Barroso Pires de Lima Leite;CDS;13;braga;1
Firmino Veloso Lopes;CDS;14;braga;1
Cláudia Isabel Campos da Costa Pereira;CDS;15;braga;0
Filipa Alexandra de Sousa Freitas;CDS;16;braga;0
Michel Filipe da Costa Machado;CDS;17;braga;1
Sílvia Andreia Paiva Martins;CDS;18;braga;0
Maria João de Araújo Cardoso;CDS;19;braga;0
António Mário Pegado Lemos de Mendonça;CDS;1;braKanca;1
Ilda Maria Vaz Teixeira;CDS;2;braKanca;0
Raul dos Anjos Aleixo;CDS;3;braKanca;1
Maria Inês Fraústo Correia Vieira Moreira;CDS;1;castelo_b;0
Rui Pedro Gonçalves Mateus;CDS;2;castelo_b;1
António José Moreno Dias Pires;CDS;3;castelo_b;1
Lúcia Maria Anacleto Torres Ribeiro;CDS;4;castelo_b;0
Jorge Alexandre Caldeira Gonçalves de Almeida;CDS;1;coimbra;1
Nuno Rafael Oliveira Dias;CDS;2;coimbra;1
Elsa Margarida de Sá Leonardo de Almeida;CDS;3;coimbra;0
Hugo Miguel Schönenberger Robles de Oliveira;CDS;4;coimbra;1
Paulo António Seco Moreira da Fonseca;CDS;5;coimbra;1
Regina de Fátima Neves Baptista;CDS;6;coimbra;0
Paulo Fernando da Silva Barbosa;CDS;7;coimbra;1
Bertília Isidora Cabeças da Silva Simão;CDS;8;coimbra;0
Miguel José Ferros Pimentel Reis da Fonseca;CDS;9;coimbra;1
Ana Maria Ferreira da Silva da Costa Freitas;CDS;1;evora;0
Carlos António Mateus Gomes;CDS;2;evora;1
Raquel Maudslay Costa Carreira;CDS;3;evora;0
José Pedro da Silva Caçorinho;CDS;1;faro;1
Monica Sofia Guedes Ferreira;CDS;2;faro;0
Manuel Afonso de Lousada Moreira;CDS;3;faro;1
Margarida Alexandra Manita Pereira da Cruz Andrade Gouveia;CDS;4;faro;0
Vasco da Silva Costa Barata Feio;CDS;5;faro;1
Isilda Maria Mendes Guerreiro;CDS;6;faro;0
António Augusto Braz da Paz;CDS;7;faro;1
Maria da Conceição Grade de Sousa Piscarreta;CDS;8;faro;0
Luís Matias Afonso;CDS;9;faro;1
João Mário Simões Amaral;CDS;1;guarda;1
Carolina Lopes Figueiredo;CDS;2;guarda;0
Dora Cruz Pinto de Almeida Vilhena;CDS;3;guarda;0
António Afonso Ávila de Mello Galvão Lucas;CDS;1;leiria;1
Fábio Alexandre Seguro Joaquim;CDS;2;leiria;1
Sofia Pires Borges;CDS;3;leiria;0
Paulo Fernando da Ponte e Sousa Pessoa de Carvalho;CDS;4;leiria;1
José António Martins da Fonseca;CDS;5;leiria;1
Liliana Adelina Gonçalves da Silva;CDS;6;leiria;0
Pedro Manuel Barra Fernandes;CDS;7;leiria;1
António Manuel dos Santos Varanda;CDS;8;leiria;1
Filomena Marília Henriques Carvalho;CDS;9;leiria;0
Rafael António Brás Simões;CDS;10;leiria;1
Francisco José Nina Martins Rodrigues dos Santos;CDS;1;lisboa;1
José Duarte de Almeida Ribeiro e Castro;CDS;2;lisboa;1
Margarida Isabel Paulino Bentes Penedo;CDS;3;lisboa;0
Francisco Maria Rosa Fialho Camacho;CDS;4;lisboa;1
Maurício Veríssimo Rodrigues;CDS;5;lisboa;1
Maria Teresa Avilez Nogueira Pinto;CDS;6;lisboa;0
João Pedro Galhofo;CDS;7;lisboa;1
Francisco André Coelho Ramos;CDS;8;lisboa;1
Amélia Maria Marques Mestre;CDS;9;lisboa;0
Carlos Manuel de Sousa Simões;CDS;10;lisboa;1
Gonçalo Maria Vassalo Moita;CDS;11;lisboa;1
Carina Cristina dos Santos Miranda;CDS;12;lisboa;0
Ricardo Manuel de Magalhães Pinheiro Alves;CDS;13;lisboa;1
Carlos de Mello Breyner Mariano de Carvalho;CDS;14;lisboa;1
Jorge Manuel Gomes dos Santos;CDS;15;lisboa;1
Sofia Ataíde Rodrigues Pereira de Penha Monteiro;CDS;16;lisboa;0
José Pinto de Amaral;CDS;17;lisboa;1
Manuel Fernando Gomes Marcelino;CDS;18;lisboa;1
Joana de Melo Carvalho e Oliveira e Costa;CDS;19;lisboa;0
João José Serra Pereira;CDS;20;lisboa;1
Hugo Luís Pedroso Falcão Ramos;CDS;21;lisboa;1
Maria Elsa Fernandes Saraiva;CDS;22;lisboa;0
Maria da Conceição Brito Oliveira de Almeida Cerqueira;CDS;23;lisboa;0
José Maria Seabra Vieira Duque;CDS;24;lisboa;1
Maria Leonor Oliveira Filipe Pereira;CDS;25;lisboa;0
João Manuel Serpa Gonçalves;CDS;26;lisboa;1
Maria Madalena de Magalhães Gagliardini Graça Pestana de Vasconcelos;CDS;27;lisboa;0
João Paulo da Graça Castanheira;CDS;28;lisboa;1
Nicole Louro de Sousa;CDS;29;lisboa;0
Gabriel Maria Simplício Baptista Fernandes;CDS;30;lisboa;1
Margarida Jorge Ervedosa Petinga;CDS;31;lisboa;0
Miguel Donões Dias;CDS;32;lisboa;1
Margarida Alexandre Gomes Rebocho Ferreira;CDS;33;lisboa;0
João Pulido Pereira Freire de Andrade;CDS;34;lisboa;1
Joana Maria de Deus de Albuquerque de Sousa Lara;CDS;35;lisboa;0
Lígia Joana Miranda Carreira Duarte;CDS;36;lisboa;0
Paulo Jorge Marques Gaspar;CDS;37;lisboa;1
Ana Sofia Bairrada Constantino Marques;CDS;38;lisboa;0
Filipa Joana da Silva Machado Vaz;CDS;39;lisboa;0
José Manuel Machado de Magalhães;CDS;40;lisboa;1
Sandra Maria Paiva João;CDS;41;lisboa;0
Ana Lúcia Ferreira Ribeiro Zacarias;CDS;42;lisboa;0
Luís Miguel Crisóstomo Sardinha;CDS;43;lisboa;1
Albina Túlia Figueiredo Longo;CDS;44;lisboa;0
Inês Margarida Seabra Camacho Rodrigues;CDS;45;lisboa;0
Edgar Alexandre de Oliveira Pereira;CDS;46;lisboa;1
Maria Leonor Santos Pintado da Silva Castel-Branco;CDS;47;lisboa;0
Sara Teixeira Bacelos Ascenso Gaspar;CDS;48;lisboa;0
Bruno David Polainas Batista;CDS;1;portalegre;1
Francisco Correia Tavares do Carmo Garcia;CDS;2;portalegre;1
Ana Filipa dos Santos Pato Correia Pinto Barbosa;CDS;1;porto;0
Fernando Barbosa Alves Pereira;CDS;2;porto;1
Pedro Clementino Vilas Boas Tavares;CDS;3;porto;1
Maria Teresa Vasconcelos de Morais Sarmento Lopes;CDS;4;porto;0
Pedro Miguel Parada Monteiro;CDS;5;porto;1
Diogo Miguel de Sá Meireles;CDS;6;porto;1
Cláudia Daniela Mota e Silva;CDS;7;porto;0
José Miguel de Vilas Boas Simões Sampaio;CDS;8;porto;1
Agostinho Jesus Gomes Guedes;CDS;9;porto;1
Fátima Estrela Vieira Tito Botelho;CDS;10;porto;0
Cristóvão Miguel dos Santos Neto;CDS;11;porto;1
Jorge Maria Nunes da Silva;CDS;12;porto;1
Sara Joana Ferreira Moreira;CDS;13;porto;0
Ricardo António Ferreira da Silva Camizão Rossi;CDS;14;porto;1
Tiago Ferreira da Silva Moreira Dionísio;CDS;15;porto;1
Elizabete Gomes Teixeira;CDS;16;porto;0
Vítor Manuel Santos Pereira;CDS;17;porto;1
Luís Filipe da Silva;CDS;18;porto;1
Ana Raquel Sá Reis;CDS;19;porto;0
João Paulo Oliveira Vieira;CDS;20;porto;1
Ricardo Miguel de Oliveira Silva;CDS;21;porto;1
Sónia Alexandre Pinto Ribeiro;CDS;22;porto;0
Mário Rui Oliveira Monteiro;CDS;23;porto;1
Bernardo Rodrigues Ribeiro;CDS;24;porto;1
Sara Moreira Machado;CDS;25;porto;0
Jorge Miguel Félix Pinto Espanhol;CDS;26;porto;1
Carlos António Lopes de Castro;CDS;27;porto;1
Maria Susana Ribeiro de Freitas;CDS;28;porto;0
Jorge Manuel Vieira de Oliveira;CDS;29;porto;1
Carlos Daniel Moreira da Costa;CDS;30;porto;1
Graça Sofia de Sousa Gião da Silva Moreira;CDS;31;porto;0
José Duarte Guimarães Geraldes Malheiro;CDS;32;porto;1
Cristina Maria Ferreira Duarte Brito Lopes;CDS;33;porto;0
Ana Sofia Moreira da Silva Tavares;CDS;34;porto;0
Jorge David da Costa Braga;CDS;35;porto;1
Luís Filipe Martins Pereira;CDS;36;porto;1
Ânia Fernandes Pereira;CDS;37;porto;0
Pedro Miguel Nogueira Soares Pinto;CDS;38;porto;1
Rui Jorge Pereira Cancelinha;CDS;39;porto;1
Maria de Assunção dos Santos Carvalho;CDS;40;porto;0
Pedro Gonçalo Coelho Nunes de Melo;CDS;1;santarem;1
Sandra Isabel Nunes da Silva Borges de Freitas;CDS;2;santarem;0
José Artur Bondoso Ferreira;CDS;3;santarem;1
Pedro Miguel Marques Pereira;CDS;4;santarem;1
Inês Guerra Vargas Rodrigues dos Santos;CDS;5;santarem;0
Rui Alberto Pires do Rosário;CDS;6;santarem;1
Luís Filipe Vargas Xavier;CDS;7;santarem;1
Marta Esquível Vacas de Carvalho Silva Pereira;CDS;8;santarem;0
Pedro Miguel Faria Gonçalves;CDS;9;santarem;1
Maria Cecília Magalhães Gagliardini Graça Anacoreta Correia;CDS;1;setubal;0
Paulo Jorge Silva dos Santos;CDS;2;setubal;1
Rita Serra Lopes Semedo Pimenta - Independente;CDS;3;setubal;0
Paulo Alexandre Silva Araújo;CDS;4;setubal;1
José Daniel Pimenta Coutinho;CDS;5;setubal;1
Inês Isabel Pinto Tavares;CDS;6;setubal;0
Cristina Maria dos Santos Paulino;CDS;7;setubal;0
Joaquim Maria Dias Gonçalves;CDS;8;setubal;1
Ana Maria de Mira Teixeira Rolo dos Santos;CDS;9;setubal;0
António José Valente Ferreira dos Santos;CDS;10;setubal;1
Pedro Miguel da Silva Ferreira de Oliveira;CDS;11;setubal;1
Isilda de Jesus Proença Letras;CDS;12;setubal;0
João António Anacleto Casaca;CDS;13;setubal;1
João Pedro Cristino da Silva;CDS;14;setubal;1
Maria Teresa Monteiro Pires de Carvalho de Noronha e Castro;CDS;15;setubal;0
Luís Filipe Pinela Coelho Fernandes;CDS;16;setubal;1
Cristina Isabel Nunes Lourenço Martins;CDS;17;setubal;0
Jorge Manuel de Sousa Sinquenique;CDS;18;setubal;1
Joana Vitorino Mendes;CDS;1;viana_c;0
Hugo Manuel Fernandes Meira;CDS;2;viana_c;1
Augusto Carlos de Noronha Azeredo Pinto Osório;CDS;3;viana_c;1
Rosa Bela Ramos Silva;CDS;4;viana_c;0
Renato Cunha Lobão Alves Moreno;CDS;5;viana_c;1
Manuel António Fernandes;CDS;6;viana_c;1
Vítor Carlos Teixeira Pimentel;CDS;1;vila_r;1
Maria Enide Gouveia da Silva Menezes Seixas;CDS;2;vila_r;0
João Luís Marques Rebelo da Silva;CDS;3;vila_r;1
Maria Adelaide Pinto dos Santos Carvalho;CDS;4;vila_r;0
Rogério António de Lima;CDS;5;vila_r;1
Manuel da Conceição Marques;CDS;1;viseu;1
Manuel António Cardoso de Carvalho;CDS;2;viseu;1
Magda Alexandra Figueiredo Ferreira Fernandes;CDS;3;viseu;0
Ruben Daniel Alexandre Silva Felizardo;CDS;4;viseu;1
José Manuel Lopes Flórido;CDS;5;viseu;1
Carlinda Duarte de Jesus Oliveira Loureiro;CDS;6;viseu;0
Maria Carolina da Cunha Santos;CDS;7;viseu;0
Fernando Filipe Moreira;CDS;8;viseu;1
Francisca Albuquerque Matos de Almeida Sampaio;CDS;1;europa;0
José Fernando Pereira Coelho;CDS;2;europa;1
Hussein Jamal Amahad Keshavjee;CDS;1;fora;1
Antónia Inês Trigo Meireles;CDS;2;fora;0
Jorge Manuel de Valsassina Alveias Rodrigues;CH;1;aveiro;1
Hugo Daniel Martins de Sousa;CH;2;aveiro;1
Maria Dulce Simões de Santiago Miranda;CH;3;aveiro;0
Miguel Duarte Vita Martins da Cruz;CH;4;aveiro;1
Carlos Manuel da Costa Cerveira Vasques;CH;5;aveiro;1
Ana Bela de Jesus Bernardino;CH;6;aveiro;0
Alfredo Manuel Saraiva Correia;CH;7;aveiro;1
Luís Miguel de Campos Castro;CH;8;aveiro;1
Íris Vanessa da Silva Santos Marques;CH;9;aveiro;0
Miguel Branco Santos Alves;CH;10;aveiro;1
Manuel José Cunha Almeida;CH;11;aveiro;1
Sónia dos Santos Quintaneiro;CH;12;aveiro;0
Renato Miguel Prata dos Santos;CH;13;aveiro;1
Vítor de Oliveira da Conceição;CH;14;aveiro;1
Sílvia Manuela Rodrigues Mariz;CH;15;aveiro;0
Delfina Alexandra Figueiredo da Silva;CH;16;aveiro;0
Ana Cristina Véstia Moisão;CH;1;beja;0
Nuno Miguel Sousa Franco;CH;2;beja;1
Andreia Sofia Rodrigues Agostinho;CH;3;beja;0
António Filipe Dias Melo Peixoto;CH;1;braga;1
Rodrigo Santos Alves Taxa;CH;2;braga;1
Vanessa Cláudia Nogueira da Rosa Barata;CH;3;braga;0
Paulo Alexandre Matos Pimenta;CH;4;braga;1
Nuno Miguel Jesus Vaz Monteiro;CH;5;braga;1
Lúcia Maria Corujeira Peixoto;CH;6;braga;0
Carlos Alberto Barbosa Vieira Pinto;CH;7;braga;1
Carlos Alberto Rodrigues Pizarro;CH;8;braga;1
Ana Rita Freitas Castro;CH;9;braga;0
João Pereira Gomes;CH;10;braga;1
Manuel José Rodrigues da Cunha Pereira;CH;11;braga;1
Ana Rita Ferreira Martins Gomes;CH;12;braga;0
Jorge Manuel Pinheiro Afonso;CH;13;braga;1
Maria Carminda Teixeira Campos;CH;14;braga;0
Gilberto Vítor Cunha Nogueira;CH;15;braga;1
Pedro Manuel Soares Alves;CH;16;braga;1
Mónica de Jesus da Costa Teixeira;CH;17;braga;0
Filipe José Lima Aguiar;CH;18;braga;1
Liliana Patrícia de Abreu Fernandes;CH;19;braga;0
José Júlio Vaz Pires;CH;1;braKanca;1
Ricardo Daniel Alves Garcia;CH;2;braKanca;1
Cidália de Fátima Afonso de Almeida Martins;CH;3;braKanca;0
João Filipe Dias Ribeiro;CH;1;castelo_b;1
Cátia Filipa Vicente Pinto;CH;2;castelo_b;0
Paulo Jorge de Carvalho Mendes;CH;3;castelo_b;1
Maria da Conceição Martins Pereira;CH;4;castelo_b;0
Paulo Alexandre Mendes Patrício Ferreira Ralha;CH;1;coimbra;1
Paulo Jorge Rodrigues Nogueira Seco;CH;2;coimbra;1
Ana Lúcia Lopes Curado;CH;3;coimbra;0
Eliseu da Costa Neves;CH;4;coimbra;1
António José Rodrigues Henriques;CH;5;coimbra;1
Carina Sofia Barata Duarte;CH;6;coimbra;0
Augusto José Domingues Louro de Miranda;CH;7;coimbra;1
Paulo Sérgio dos Reis Vaz;CH;8;coimbra;1
Carolina Simões Veloso;CH;9;coimbra;0
Edalberto Tomás Macau Fitas Figueiredo;CH;1;evora;1
Carlos Magno Valença Ferreira Walter de Magalhães;CH;2;evora;1
Ana Inês Martins Esquível Pereira;CH;3;evora;0
Pedro Miguel Soares Pinto;CH;1;faro;1
João Paulo da Silva Graça;CH;2;faro;1
Sandra Margarida de Melo Pereira Ribeiro;CH;3;faro;0
Sandra Marisa Godinho de Oliveira Castro;CH;4;faro;0
António Ricardo Correia Moreira;CH;5;faro;1
Raquel Alexandra Matias da Fonseca Pelicano Rodrigues Pereira;CH;6;faro;0
Fernando Jorge da Encarnação dos Santos;CH;7;faro;1
Anaisa Pera Gonçalves;CH;8;faro;0
José Paulo Barbosa Moreira de Sousa;CH;9;faro;1
José António dos Santos Marques;CH;1;guarda;1
Pedro de Almeida;CH;2;guarda;1
Maria Olívia Martins Teixeira;CH;3;guarda;0
Gabriel Sérgio Mithá Ribeiro;CH;1;leiria;1
Luís Paulo Pereira Fernandes;CH;2;leiria;1
Carina Ascenso Francisco;CH;3;leiria;0
Edmundo Jorge Dos Santos Carvalho;CH;4;leiria;1
Cristina Maria Vieira Henriques;CH;5;leiria;0
Pedro José Valinha Sampaio;CH;6;leiria;1
Sandra Marisa Ferreira De Sousa;CH;7;leiria;0
João Paulo Hermenegildo;CH;8;leiria;1
Albertino Manuel Catarina Alves;CH;9;leiria;1
Katia Dolores Galhardo Antunes;CH;10;leiria;0
André Claro Amaral Ventura;CH;1;lisboa;1
Rui Paulo Duque Sousa;CH;2;lisboa;1
Rita Maria Cid Matias;CH;3;lisboa;0
Pedro Manuel de Andrade Pessanha Fernandes;CH;4;lisboa;1
Sofia de Figueiredo Seabra Diniz;CH;5;lisboa;0
Luís Filipe Ramos Gonçalves Pereira;CH;6;lisboa;1
Patrícia Isabel Morgado de Almeida;CH;7;lisboa;0
Nuno Jorge Ferreira Pardal Ribeiro;CH;8;lisboa;1
Maria João Ferreira Saldanha;CH;9;lisboa;0
Vítor Hugo Baptista Cacito;CH;10;lisboa;1
Patrícia Ana Pappamikail Branco de Almeida;CH;11;lisboa;0
Francisco José O’Neill da Silva Marques;CH;12;lisboa;1
Maria Helena Martins Campos de Assunção;CH;13;lisboa;0
João Ferreira Lopes Aleixo;CH;14;lisboa;1
Rogério António Pinto de Melo Moreira;CH;15;lisboa;1
Felicidade Maria da Silva Santos Vital de Alcântara;CH;16;lisboa;0
João Nuno Afonso Rodrigues dos Santos;CH;17;lisboa;1
Paulo Alexandre Brito de Freitas Lopes;CH;18;lisboa;1
Andrea Victoria Malhado Vieira Ramos Lopes Aleixo;CH;19;lisboa;0
Renato Manuel Filipe Henriques;CH;20;lisboa;1
Nuno Paulo de Sá Carneiro Soares Beirão;CH;21;lisboa;1
Paula Virgínia Lima Teixeira;CH;22;lisboa;0
José Manuel Pombinho Barreira Soares;CH;23;lisboa;1
Luís Filipe Pereira Direitinho;CH;24;lisboa;1
Ana Cristina Carreira Carvalho;CH;25;lisboa;0
Fernando Manuel de Almeida Pedroso;CH;26;lisboa;1
Pedro Miguel Guerreiro Magrinho;CH;27;lisboa;1
Daniela Patrícia Gomes Lopes;CH;28;lisboa;0
Manuel da Luz do Nascimento;CH;29;lisboa;1
Pedro António Carvalho Maia Teodoro dos Santos;CH;30;lisboa;1
Patrícia Susana Carvalho da Silva;CH;31;lisboa;0
Ana Margarida Dias Raimundo Guerreiro;CH;32;lisboa;0
Carlos Miguel Gonçalves Sequeira;CH;33;lisboa;1
Cristiano Filipe Martins Conduto;CH;34;lisboa;1
Rute Isabel Teixeira Lopes Monteiro;CH;35;lisboa;0
João Manuel Figueiredo Duarte;CH;36;lisboa;1
António José Moinheiro dos Reis;CH;37;lisboa;1
Maria de Fátima Gaspar Pinto;CH;38;lisboa;0
Aquilino José Marques Ventura;CH;39;lisboa;1
Nelson José Morais dos Santos;CH;40;lisboa;1
Cristina Isabel Moreira Vieira;CH;41;lisboa;0
José Júlio da Silva Rodrigues de Almeida;CH;42;lisboa;1
Diana Sofia Pires Monteiro Neves;CH;43;lisboa;0
Ana Maria Marques Peres;CH;44;lisboa;0
João Diogo Guerra Neves;CH;45;lisboa;1
Cátia Alexandra Simões Augusto;CH;46;lisboa;0
Cristina Maria Moreira de Figueiredo;CH;47;lisboa;0
Nuno Miguel Soares Teixeira da Silva;CH;48;lisboa;1
Júlio José Pires Paixão;CH;1;portalegre;1
Maria Teresa Seno da Silva Samarra;CH;2;portalegre;0
Rui Pedro Da Silva Afonso;CH;1;porto;1
Diogo Velez Mouta Pacheco de Amorim;CH;2;porto;1
Marta Sofia Martins da Silva Trindade;CH;3;porto;0
Nuno Miguel Ribeiro Pontes;CH;4;porto;1
Joana Maria Geraldes Malheiro Machado Guimarães;CH;5;porto;0
Alcides do Couto Pereira;CH;6;porto;1
Marcus Vinicius Teixeira Soares dos Santos;CH;7;porto;1
Ana Cecília Pereira de Castro Caldeira Figueiredo;CH;8;porto;0
Carlos Alexandre Fernandes Dias;CH;9;porto;1
Filipe Emanuel de Sousa Macedo;CH;10;porto;1
Maria Helena Tavares de Amaral Fernandes Costa;CH;11;porto;0
Raul Gabriel Palha Bessa Melo;CH;12;porto;1
Paulo António Santos Silva Martins;CH;13;porto;1
Dulce Patrícia Ferreira Soares Guedes;CH;14;porto;0
Álvaro Manuel dos Santos Costa;CH;15;porto;1
António Luis Vilela Baptista;CH;16;porto;1
Patrícia Catarina Moreira Leão;CH;17;porto;0
Alberto Joaquim Alves Ribeiro;CH;18;porto;1
Jorge Manuel Mendes da Silva;CH;19;porto;1
Sónia Cristina de Sousa Monteiro;CH;20;porto;0
Rúben Mendanha Portilha;CH;21;porto;1
Patrícia Helena Freitas Magalhães;CH;22;porto;0
Frederico Marcelo Mendes Teixeira;CH;23;porto;1
Pedro Justino Paiva Neves;CH;24;porto;1
Alexandra Maria Lopes Oliveira Mendes Oliveira;CH;25;porto;0
Nélson Filipe Freitas Soares da Cruz;CH;26;porto;1
José Luis Cardoso de Vasconcelos;CH;27;porto;1
Sabina Manuela Carvalho de Sousa Valente;CH;28;porto;0
Carlos Alberto dos Santos Fonseca;CH;29;porto;1
Susana Alexandra de Leite Moreira;CH;30;porto;0
Sérgio Henrique Ferreira Gomes;CH;31;porto;1
Maria do Carmo Gomes Ribeiro Lopes;CH;32;porto;0
Jorge Miguel Costa Neves;CH;33;porto;1
Vítor Domingos da Silva Brandão;CH;34;porto;1
Anabela Castro Canas Fachadas;CH;35;porto;0
Sofia da Conceição Alves Teixeira;CH;36;porto;0
Nuno Filipe de Almeida Carvalho;CH;37;porto;1
Ana Cristina Catarino Pereira da Silva´;CH;38;porto;0
Carlos Fernando Lopes de Oliveira Sousa;CH;39;porto;1
Tiago da Rocha Lages;CH;40;porto;1
Pedro Saraiva Gonçalves dos Santos Frazão;CH;1;santarem;1
Pedro Alexandre Arrabaça da Silva Oliveira Correia;CH;2;santarem;1
Catarina Rita Ferreira Girão Salgueiro da Costa;CH;3;santarem;0
José Frederico Abecassis Dotti;CH;4;santarem;1
Maria Helena Simas da Gama Lobo Salema Lino;CH;5;santarem;0
Agostinho Martins de Carvalho;CH;6;santarem;1
Alfredo Miguel Garcia Coelho;CH;7;santarem;1
Luísa Maria Lobo da Costa Macedo Areosa Ribeiro;CH;8;santarem;0
Sílvio Soares da Conceição;CH;9;santarem;1
Bruno Miguel de Oliveira Nunes;CH;1;setubal;1
Patrícia Alexandra Martins de Carvalho;CH;2;setubal;0
Carlos Manuel Saraiva Medeiros;CH;3;setubal;1
Eduardo Manuel dos Santos Mendes;CH;4;setubal;1
Carla Sofia Carapeto da Silva Couto de Oliveira;CH;5;setubal;0
Nuno Alexandre Oliveira Mendes;CH;6;setubal;1
Alice Paula Caruchinho Gabriel Seixas;CH;7;setubal;0
Marco António Simões da Silva Teixeira Roque;CH;8;setubal;1
Milene da Silva Oliveira Viana;CH;9;setubal;0
João Paulo de Sousa da Silva Gaspar;CH;10;setubal;1
Maria Inês Correia de Carvalho Pereira;CH;11;setubal;0
João Pedro Guterres Peixoto Pereira;CH;12;setubal;1
Cláudia Sofia Louro Figueiredo;CH;13;setubal;0
José Carlos da Silva Ferreira;CH;14;setubal;1
Cátia Isabel Gervásio;CH;15;setubal;0
Bruno Francisco Pinheiro Máximo dos Santos;CH;16;setubal;1
Sílvia Marina de Melo Montanha;CH;17;setubal;0
Bruno do Nascimento Correia;CH;18;setubal;1
Manuel José Rego Moreira;CH;1;viana_c;1
Natividade Maria Cândida Barbosa;CH;2;viana_c;0
Artur Alberto Dias Trindade;CH;3;viana_c;1
Ana Rita Lago Lima;CH;4;viana_c;0
Germano Augusto Faria de Miranda;CH;5;viana_c;1
Gabriela da Dores Lima de Barros Araújo;CH;6;viana_c;0
Maria Manuela Pereira Tender;CH;1;vila_r;0
Sérgio Miguel Parra Ramos;CH;2;vila_r;1
Carlos Jorge Moura Fecha;CH;3;vila_r;1
Helena Ferreira Fraga;CH;4;vila_r;0
Eduardo Cassiano Nogueira Pinto Miranda;CH;5;vila_r;1
João José Rodrigues Tilly;CH;1;viseu;1
Amélia Maria da Silva Soares;CH;2;viseu;0
Pedro Figueiredo Lopes Blanco;CH;3;viseu;1
Sandra Monteiro Lourenço;CH;4;viseu;0
Sérgio Rui Reis Serrador;CH;5;viseu;1
Hugo Manuel Rodrigues Batista;CH;6;viseu;1
Maria Cristina Correia do Vale;CH;7;viseu;0
Paulo Alexandre da Silva Lopes;CH;8;viseu;1
Martinho Filipe de Jesus Gouveia;CH;1;madeira;1
Luis Filipe de Sá Vieira;CH;2;madeira;1
Maria Otília Ramos Sousa;CH;3;madeira;0
Celestino Gomes Sebastião;CH;4;madeira;1
Maria Juliana Fernandes da Silva;CH;5;madeira;0
Júlia Iara Silva Alves Figueira;CH;6;madeira;0
José Eduardo da Cunha Pacheco;CH;1;acores;1
Francisco Gabriel Meneses de Lima;CH;2;acores;1
Olivéria de Lurdes Cabral dos Santos;CH;3;acores;0
Fernando Luís Hintze Ataíde Mota;CH;4;acores;1
José Macedo Rodrigues Bernardo;CH;5;acores;1
José Dias Fernandes;CH;1;europa;1
Sandra Catarina Gomes Pereira de Aguiar Caridade;CH;2;europa;0
João Júlio Janela Baptista da Silva;CH;1;fora;1
Manuel Maria Beninger Simões Correia;CH;2;fora;1
Márcio Cristiano Oliveira Santos;IL;1;aveiro;1
Ricardo Jorge Fernandes Campelo de Magalhães;IL;2;aveiro;1
Ana Cláudia Breda;IL;3;aveiro;0
Miguel António Marques Gomes;IL;4;aveiro;1
Tomás Silva Ramos Pereira;IL;5;aveiro;1
Ana Rita Santos Bastos Silva;IL;6;aveiro;0
Duarte António da Cruz Gomes Alves da Costa;IL;7;aveiro;1
Eduardo José Oliveira Nobre de Almeida Costa;IL;8;aveiro;1
Carla Cristina Neves de Lima Abreu;IL;9;aveiro;0
Diogo Nuno Pereira Gomes;IL;10;aveiro;1
Paulo Jorge da Silva Vieira;IL;11;aveiro;1
Liliana Raquel Pereira Dias;IL;12;aveiro;0
Andreia Filipa Santos Oliveira;IL;13;aveiro;0
Pedro Miguel Correia Ferreira;IL;14;aveiro;1
Vânia Sofia Gomes da Fonte;IL;15;aveiro;0
Mariene Cristina Alves de Almeida;IL;16;aveiro;0
Ana Paula Marques Pereira;IL;1;beja;0
Miguel Burguete de Bacelar Marreiros Figueira;IL;2;beja;1
Luís Filipe Mestre Campaniço Guerreiro Sebastião;IL;3;beja;1
Rui Nuno de Oliveira Garcia da Rocha;IL;1;braga;1
Olga Maria de Oliveira Baptista;IL;2;braga;0
Paulo Manuel Gonçalves da Silva;IL;3;braga;1
Sílvia Gonçalves Abreu Pinheiro;IL;4;braga;0
Paulo Ricardo Heleno Pereira Lopes;IL;5;braga;1
Jorge Miguel Gomes da Silva;IL;6;braga;1
Maria Elisabete da Silva Gonçalves;IL;7;braga;0
Marcos Filipe Teles Fraga de Castro;IL;8;braga;1
Maria de Lurdes Varregoso Silva da Costa Mesquita;IL;9;braga;0
Alexandre Jorge Rebelo Matos;IL;10;braga;1
Miguel Francisco de Almeida Pereira da Rocha;IL;11;braga;1
Sandra de Fátima Moreira de Sousa Lobo;IL;12;braga;0
João Pedro Costa Cardoso;IL;13;braga;1
Adriana Sofia Pacheco Carvalho Araújo;IL;14;braga;0
Gil Fernandes Teixeira Leitão;IL;15;braga;1
Sandra Cristina Campos da Costa;IL;16;braga;0
Andreia Sofia Cardoso Ferreira;IL;17;braga;0
Mário Joel Matos Veiga de Oliveira Queirós;IL;18;braga;1
João Pedro das Neves Oliveira Pinto;IL;19;braga;1
Maria Teresa Santos Aguiar;IL;1;braKanca;0
André Filipe Diegues Fernandes;IL;2;braKanca;1
Patrícia Maria Gonçalves Silva;IL;3;braKanca;0
Diogo Manuel Raposo Oliveira;IL;1;castelo_b;1
Miguel João Fernandes Garcia;IL;2;castelo_b;1
Inês João Azevedo Gouveia Leitão;IL;3;castelo_b;0
Pedro Miguel da Silva Roque;IL;4;castelo_b;1
Orlando José Mendes Monteiro da Silva;IL;1;coimbra;1
Tiago André Magalhães Meireles Ribeiro;IL;2;coimbra;1
Inês Catarina Neves Rosa;IL;3;coimbra;0
Fernando Manuel da Conceição Gomes da Costa;IL;4;coimbra;1
Vanda Patrícia Henriques Duarte Lopes;IL;5;coimbra;0
João Manuel da Silva Matos da Cruz;IL;6;coimbra;1
Maria Isabel Vaz Videira;IL;7;coimbra;0
Luís Miguel Figueiredo Nunes;IL;8;coimbra;1
Ana Cláudia Alexandre Miranda Lima;IL;9;coimbra;0
Maria João Escada Cardoso Cabral;IL;1;evora;0
David Firmino Aparício Dias;IL;2;evora;1
Raquel Andreia D’Almeida Mendonça de Araújo;IL;3;evora;0
Cláudia Ramos Neto Beleza de Vasconcelos;IL;1;faro;0
João Manuel Caetano Dias;IL;2;faro;1
Maria Santos Marques Páramos Merino Baptista;IL;3;faro;0
Bernardo Lopes Fernandes;IL;4;faro;1
Maria Salomé Vieira Luz Carriço da Silva;IL;5;faro;0
António Paula Brito de Pina;IL;6;faro;1
Joaquim Jacinto Lourenço;IL;7;faro;1
Carolina Lindo Rodrigues;IL;8;faro;0
Daniel Martins Viegas;IL;9;faro;1
Ângelo Filipe da Silva Videira dos Santos;IL;1;guarda;1
Luísa Isabel Borges Miranda Quaresma Magoito;IL;2;guarda;0
Hernâni Fortunato Marques;IL;3;guarda;1
Dário Rafael Pinto Florindo;IL;1;leiria;1
Nuno Filipe Agostinho Carrasqueira;IL;2;leiria;1
Sílvia Maria Marques Santos e Sousa;IL;3;leiria;0
Antonio Vasco Petrucci Sousa;IL;4;leiria;1
Joaquim Augusto de Jesus Leitão;IL;5;leiria;1
Sónia Margarida Carreira da Conceição;IL;6;leiria;0
Pedro Costa Marques;IL;7;leiria;1
Liliana Patrícia Gonçalves Gomes;IL;8;leiria;0
Afonso Silvestre Grilo;IL;9;leiria;1
Miguel Ângelo Pires Trindade Silvestre;IL;10;leiria;1
João Fernando Cotrim Figueiredo;IL;1;lisboa;1
Carla Maria Proença de Castro Charters de Azevedo;IL;2;lisboa;0
Rodrigo Miguel Dias Saraiva;IL;3;lisboa;1
Bernardo Alves Martinho Amaral Blanco;IL;4;lisboa;1
Maria Leonor Cano Crespo Dargent;IL;5;lisboa;0
Bruno Orlando Nunes Mourão Martins;IL;6;lisboa;1
André Filipe Gonçalves Pereira Abrantes Amaral;IL;7;lisboa;1
Mariana de Lemos Quintão Correia Leitão;IL;8;lisboa;0
Paulo Jorge Leal da Silva Carmona;IL;9;lisboa;1
Ana Micaela Pedrosa-Augusto;IL;10;lisboa;0
Gonçalo Levy Cordeiro;IL;11;lisboa;1
Eunice Sofia Guerra Duarte Quintas;IL;12;lisboa;0
Filipe Jorge de Sousa Martins;IL;13;lisboa;1
Anabela da Silva Guerreiro;IL;14;lisboa;0
Nuno Rodrigo Branco Ferreira Santos Fernandes;IL;15;lisboa;1
Filomena Maria Alcobia Francisco;IL;16;lisboa;0
Gualdim José Dionísio dos Ramos;IL;17;lisboa;1
Joana Fernandes Hipólito;IL;18;lisboa;0
Ana Mafalda Sim-Sim da Cunha Neves;IL;19;lisboa;0
João José Melato Ribeiro;IL;20;lisboa;1
Miguel Ângelo Ribeiro Martins;IL;21;lisboa;1
Ana Paula Salgueiro de Bastos Moura;IL;22;lisboa;0
Tiago José Godinho Tajola;IL;23;lisboa;1
Nuno Miguel de Jesus Grilo Cavalheiro;IL;24;lisboa;1
Marta Alexandra Ferreira Gamboa;IL;25;lisboa;0
Fernando José de Barros Antunes;IL;26;lisboa;1
Raquel Filipa Gregório Simões;IL;27;lisboa;0
Nuno Miguel Mendes Gregório;IL;28;lisboa;1
Beatriz de Almeida Martins;IL;29;lisboa;0
Vítor Manuel Jesus Martins;IL;30;lisboa;1
Jorge Ricardo Correia Lourenço Pires;IL;31;lisboa;1
Maria Inês da Silva Ruivo Antunes;IL;32;lisboa;0
Clara Leonor de Gamboa e Lima Villaverde Cotrim;IL;33;lisboa;0
Pedro Vieira da Silva Arteiro;IL;34;lisboa;1
Nuno Miguel Miranda Ataíde;IL;35;lisboa;1
Paula de Matos Castilho Borges;IL;36;lisboa;0
Tiago Filipe Jorge da Silva;IL;37;lisboa;1
Joana Maria Ribeiro de Oliveira Matias;IL;38;lisboa;0
Miguel Ângelo Fernandes Cardoso;IL;39;lisboa;1
Cláudia Cristina Martins Ascensão Nunes;IL;40;lisboa;0
Filipe Miguel dos Santos Ratão;IL;41;lisboa;1
Daniel Alexandre de Carvalho Gonçalves;IL;42;lisboa;1
Maria da Graça de Oliveira Simões;IL;43;lisboa;0
João Carlos Alves de Mendonça Arrais;IL;44;lisboa;1
Álvaro da Costa Cabral e Gil;IL;45;lisboa;1
Sandra Raquel Carvalho Abreu;IL;46;lisboa;0
Miguel Jesus Neves Ferreira da Silva;IL;47;lisboa;1
Bruno Horta Soares;IL;48;lisboa;1
Carlos Manuel Soares Chagas Roquette;IL;1;portalegre;1
Helena Maria Garraio Nabais;IL;2;portalegre;0
Carlos Manuel Guimarães Oliveira Pinto;IL;1;porto;1
Ana Patrícia Costa Gilvaz;IL;2;porto;0
Vicente Maria Barbedo Marques Ferreira Da Silva;IL;3;porto;1
João Nuno Alves Ambrósio Aguiar Monteiro;IL;4;porto;1
Matilde Gouveia Rocha;IL;5;porto;0
Rafael Corte Real de Sampaio Rafael;IL;6;porto;1
Tiago Emanuel Sampaio Vieira;IL;7;porto;1
Ariana Ofélia Figueiredo Moreira Martins;IL;8;porto;0
Ricardo Inácio Veloso Zamith de Passos;IL;9;porto;1
Tiago José Pires de Oliveira Martins;IL;10;porto;1
Maria Sofia Aires Pereira Correia de Matos Paixão Fontes;IL;11;porto;0
Frederico José de Sousa Lemos;IL;12;porto;1
Jorge das Neves Freitas;IL;13;porto;1
Ana Luísa Baptista Carvalho Magalhães da Silva;IL;14;porto;0
Albino Bruno da Silva Ramos;IL;15;porto;1
António Agostinho Cardoso da Conceição Guedes;IL;16;porto;1
Maria Cândida dos Santos Boia;IL;17;porto;0
José Ricardo da Costa Andrade;IL;18;porto;1
Pedro Petiz de Castro Viana;IL;19;porto;1
Ana Sofia Silva Neves Alves;IL;20;porto;0
João Resende Pinto Figueiredo;IL;21;porto;1
Vasco Pinho Pereira Granja;IL;22;porto;1
Mariana Mendes Nina Silvestre;IL;23;porto;0
Samantha da Silva Adalfio;IL;24;porto;0
José Filipe Queirós dos Santos Carneiro;IL;25;porto;1
Natacha Filipa da Silva Santos;IL;26;porto;0
António Joaquim de Lima Teixeira;IL;27;porto;1
Carla Sofia Aires de Sousa Neto;IL;28;porto;0
Camilo Filipe Da Costa Rebelo;IL;29;porto;1
Joana Filipa Da Silva e Sousa;IL;30;porto;0
Pedro Gonçalo Gomes Cecílio Oliveira Norte;IL;31;porto;1
Carlos Eduardo Aranha e Costa;IL;32;porto;1
Sandra Raquel da Costa Martins;IL;33;porto;0
Verónica Adelina Carvalho Branco;IL;34;porto;0
Pedro Miguel Vilaça Ferreira;IL;35;porto;1
Ana Cristina da Silva Nunes Vieira;IL;36;porto;0
João Pedro da Silva Monteiro;IL;37;porto;1
Vitor Mário da Silva Ribeiro;IL;38;porto;1
Rita Areias Coelho Lima;IL;39;porto;0
Ricardo Alberto da Fonseca Gouveia;IL;40;porto;1
Ana Cristina Saraiva Sirgado Rodrigues;IL;1;santarem;0
Afonso Cabral Chora Claudino das Neves;IL;2;santarem;1
Raquel Tomé Gaspar;IL;3;santarem;0
Matheus de Paula Costa;IL;4;santarem;1
Tiago Gonçalves Maia Prazeres;IL;5;santarem;1
Mercedes Dinis Alves;IL;6;santarem;0
João Carlos Gaspar da Silva Gomes;IL;7;santarem;1
Pedro Miguel Ferreira de Sousa Rodrigues;IL;8;santarem;1
Patrícia Melgada Coutinho;IL;9;santarem;0
Joana Rita Madaleno Cordeiro;IL;1;setubal;0
Miguel José de Almada Contreiras de Piedade de Noronha;IL;2;setubal;1
Marta Cristina Belmonte Pereira;IL;3;setubal;0
João Miguel de Carvalho da Conceição Pereira;IL;4;setubal;1
Rodrigo Gonçalves da Silva;IL;5;setubal;1
Beatriz Carolina Jordão Silva;IL;6;setubal;0
José Luis Ciríaco Valente Magoito;IL;7;setubal;1
Maria João dos Santos Pinto Castanheiro Guerreiro;IL;8;setubal;0
Susana Inês Matinhos Marques;IL;9;setubal;0
Mauro André da Cunha Santos;IL;10;setubal;1
Ana Lúcia Matos Simões Lança;IL;11;setubal;0
Luís Paulo Gonçalves Neves;IL;12;setubal;1
Luís Filipe do Carmo Arcângelo;IL;13;setubal;1
Susana Paula Rosa Bicho;IL;14;setubal;0
César Miguel Rodrigues Mourão da Costa;IL;15;setubal;1
Susana Filipa Gonçalves do Sacramento Mesquita;IL;16;setubal;0
Daniel Eduardo Ferreira de Melo;IL;17;setubal;1
Diogo Piteira Prates;IL;18;setubal;1
Maria Ivone de Sousa Marques;IL;1;viana_c;0
Pedro Miguel Dias da Silva;IL;2;viana_c;1
Paula Cristina Pinto Amorim;IL;3;viana_c;0
Jonathan Neves Garcia de Matos;IL;4;viana_c;1
Maria Isabel Dias Fernandes Cambão;IL;5;viana_c;0
João Fernando Dantas Lima;IL;6;viana_c;1
Joana Margarida Magalhães Ferreira;IL;1;vila_r;0
João Paulo da Rocha de Sousa Guedes Alves;IL;2;vila_r;1
Luís Filipe Baldaia Ferreira Vaz Pimentel;IL;3;vila_r;1
Maria João Lisboa de Sousa Gomes Cabral;IL;4;vila_r;0
Pedro João Magalhães Ermida Ferreira;IL;5;vila_r;1
Sérgio Lopes Figueiredo;IL;1;viseu;1
Marisa Emanuela das Neves Figueiredo;IL;2;viseu;0
Luís Miguel Inácio Guedes;IL;3;viseu;1
Maria de Fátima dos Anjos Colaço;IL;4;viseu;0
Filipe Amorim Barbosa;IL;5;viseu;1
Andreia Alexandra Baptista da Cunha;IL;6;viseu;0
Filipe Xavier Capaz;IL;7;viseu;1
Alberto Rodrigues dos Santos;IL;8;viseu;1
Duarte Paulo Brazão Gouveia;IL;1;madeira;1
Alícia Maria de Nóbrega Teixeira;IL;2;madeira;0
José Carlos Gonçalves;IL;3;madeira;1
Carla Chatterley de Matos;IL;4;madeira;0
Victor Emanuel Ornelas Gomes;IL;5;madeira;1
José Augusto de Sousa Martins;IL;6;madeira;1
Pedro Miguel de Borba Ferreira;IL;1;acores;1
Hugo Berto da Costa Sousa Almeida;IL;2;acores;1
Raquel Maria da Silva Gonçalves e Vieira Gomes;IL;3;acores;0
Luis Filipe Monteiro de Campos;IL;4;acores;1
Rúben Miguel Costa Reis;IL;5;acores;1
Maria Carolina Duque Correia Diniz;IL;1;europa;0
Manuel José Aires Ventura de Oliveira Baptista;IL;2;europa;1
Nuno Manuel Soares de Oliveira da Rosa Garoupa;IL;1;fora;1
Cândida Andreia Pinto Borges de Macedo;IL;2;fora;0
Joana Ferreira Filipe;L;1;aveiro;0
João Quintela Santos;L;2;aveiro;1
Aurora Celeste Coelho e Silva Cerqueira;L;3;aveiro;0
Tiago Daniel Vieira da Cruz;L;4;aveiro;1
Laetitia da Costa;L;5;aveiro;0
Miguel Duarte Gonçalves;L;6;aveiro;1
Maria Teresa Braga Paixão de Almeida Leitão;L;7;aveiro;0
Martim Miguel Gomes da Costa de Brito Barreto;L;8;aveiro;1
Cristina Maria Ramalheira de Araújo;L;9;aveiro;0
Gonçalo Salvador Ribeiro e Castro;L;10;aveiro;1
Sofia Perestrelo de Vasconcelos Cardoso Pereira;L;11;aveiro;0
Robert Andros Martins Junqueira;L;12;aveiro;1
Gabriela Ferreira Pinho Souto de Miranda;L;13;aveiro;0
Licínio Aguilar Machado;L;14;aveiro;1
Ana Sofia Lobo Lousada;L;15;aveiro;0
André da Conceição Góis Fernandes;L;16;aveiro;1
João Manuel Aiveca Caseiro;L;1;beja;1
Maria Amélia Gonçalves da Cruz;L;2;beja;0
Francisco Maria Abreu do Nascimento Lampreia Burnay;L;3;beja;1
Teresa Salomé Alves da Mota;L;1;braga;0
Manuel Alfredo de Lima Oliveira;L;2;braga;1
Filipa Mariana Fernandes da Silva Barros;L;3;braga;0
Nuno Ribeiro Nunes de Oliveira;L;4;braga;1
Rosa Maria Faria Pereira do Vale – Independente;L;5;braga;0
Bruno Machado;L;6;braga;1
Maria Augusta dos Anjos da Silva Ribeiro – Independente;L;7;braga;0
José Carlos de Azevedo Flores da Costa Vieira;L;8;braga;1
Vanessa Fernandes Brandão;L;9;braga;0
Fernando Joaquim de Castro Martins;L;10;braga;1
Elisabete Fernandes da Cunha – Independente;L;11;braga;0
Augusto Manuel Oliveira Ramoa Rodrigues;L;12;braga;1
Isabel Cristina Fernandes Branco – Independente;L;13;braga;0
Waldir Spencer Pimenta Lima – Independente;L;14;braga;1
Cristina Paula Silva Oliveira – Independente;L;15;braga;0
António Barbosa Marques;L;16;braga;1
Marta Raquel dos Santos Macedo – Independente;L;17;braga;0
Abel Filipe Marques Pereira – Independente;L;18;braga;1
Ângela Manuela Leites Costa – Independente;L;19;braga;0
Maxim Simões Abreu Jaffe - Independente;L;1;braKanca;1
Alcina Gomes Paiva Bento - Independente;L;2;braKanca;0
Delfina Micaela Bordalo Bento - Independente;L;3;braKanca;0
Maria Stela Correia Lourenço;L;1;castelo_b;0
Daniel Ricardo Maranhão Santana;L;2;castelo_b;1
Margarida Isabel Botelho Falcão Paredes;L;3;castelo_b;0
André Monteiro Pires;L;4;castelo_b;1
Rui Gil Coelho Cristino Mamede;L;1;coimbra;1
Alda Maria da Rocha;L;2;coimbra;0
António Veríssimo Caneira;L;3;coimbra;1
Paula Maria Gonçalves dos Santos – Independente;L;4;coimbra;0
Pedro Manuel Cravino Serra;L;5;coimbra;1
Susana Araújo Santos da Silva – Independente;L;6;coimbra;0
Pedro José de Maio Moura;L;7;coimbra;1
Diana Mafalda Bordalo Bento – Independente;L;8;coimbra;0
Eduardo de Carvalho Viana;L;9;coimbra;1
Maria da Glória Capela Tomás Cebola de Almeida Franco;L;1;evora;0
Jorge Manuel Henriques Martinho;L;2;evora;1
Lúcia Maria Passinhas Janeiro;L;3;evora;0
Marta Gutierres Nobre Ramos Setúbal;L;1;faro;0
Manuel Cândido Nunes Mariano;L;2;faro;1
Carla Sofia Natividade Emídio do Carmo;L;3;faro;0
Carlos David da Loura Marques;L;4;faro;1
Ana Sofia Dias Marcelino;L;5;faro;0
Francisco António do Espirito Santo da Fonseca Taveira;L;6;faro;1
Maria João Duarte Nobre Pereira Bernardo;L;7;faro;0
Luís Eugénio Castanheira da Conceição;L;8;faro;1
Rosa Maria Cardoso de Resende Palma Dias;L;9;faro;0
Margarida Garcia Bordal Bento;L;1;guarda;0
Luís Filipe Moreira Freire;L;2;guarda;1
Rosa Maria do Céu Barros Coelho;L;3;guarda;0
Filipe Alexandre Fernandes Honório;L;1;leiria;1
Inês Santos Pires;L;2;leiria;0
Pedro Miguel Silva Santos;L;3;leiria;1
Joana Filipa Estêvão de Oliveira;L;4;leiria;0
Fernando Lino Barradas Franco;L;5;leiria;1
Ana Catarina Faria Bernardes;L;6;leiria;0
José Alberto Alvarez de Bettencourt;L;7;leiria;1
Adriana Cardoso Azevedo;L;8;leiria;0
Fábio Cipriano Ventura;L;9;leiria;1
Sandrine Maria Oliveira Santos;L;10;leiria;0
Rui Miguel Marcelino Tavares Pereira;L;1;lisboa;1
Isabel Rendeiro Marques Mendes Lopes;L;2;lisboa;0
Carlos Manuel Guilherme Lage Teixeira;L;3;lisboa;1
Patrícia Carla Serrano Gonçalves;L;4;lisboa;0
Safaa Rachid El Dib;L;5;lisboa;0
Rodrigo Craveiro dos Reis da Costa Brito;L;6;lisboa;1
Tomás Perestrelo de Vasconcelos Cardoso Pereira;L;7;lisboa;1
Isabel Luísa Parreira Mota Quinn – Independente;L;8;lisboa;0
Ana Luísa Reis Natário;L;9;lisboa;0
Miguel Cristóvão dos Santos;L;10;lisboa;1
Maria Ofélia Passinhas Janeiro;L;11;lisboa;0
João Filipe Lourenço Monteiro;L;12;lisboa;1
Diana Raquel de Carvalho e Barbosa;L;13;lisboa;0
André Marques Spencer Coelho;L;14;lisboa;1
Júlio António Machado Santos;L;15;lisboa;1
Ana Maria da Silva Martins Nunes – Independente;L;16;lisboa;0
Jorge Miguel Luz Marques da Silva;L;17;lisboa;1
Eunice Januário Gomes;L;18;lisboa;0
Paulo Jorge Neves Julião;L;19;lisboa;1
Rita Pedro Teixeira Soares;L;20;lisboa;0
Rui Manuel Pereira Matias;L;21;lisboa;1
Ana Filipa Alfaia Abraham-James;L;22;lisboa;0
Joffre António de Souza Justino – Independente;L;23;lisboa;1
Bárbara Haydée Schilling Tengarrinha;L;24;lisboa;0
Hugo Manuel Ribeiro Travanca;L;25;lisboa;1
Maria Teresa Janela Pinto;L;26;lisboa;0
André Ribeiro Mendes;L;27;lisboa;1
Sara Soares Marques Proença;L;28;lisboa;0
Miguel Ângelo da Silva Alves de Andrade;L;29;lisboa;1
Ana Mafalda Seixas Romão Correia Pernão – Independente;L;30;lisboa;0
Adriano José Alves Filipe de Carvalho Barrias;L;31;lisboa;1
Maria Inês Machado Amaro de Oliveira – Independente;L;32;lisboa;0
Francisco Pedro Santos Miranda Ferreira;L;33;lisboa;1
Denise Carolina Franco Mateus;L;34;lisboa;0
Pedro Diogo Duarte Alves Gonçalves;L;35;lisboa;1
Maria Teresa Costa da Silva;L;36;lisboa;0
Martim Ramos Machado de Freitas Pardal;L;37;lisboa;1
Ana Maria das Neves Diniz Simão – Independente;L;38;lisboa;0
Renato Sérgio Vasques Marques;L;39;lisboa;1
Paula Alexandra da Cruz Aresta;L;40;lisboa;0
Paulo Jorge Mendrico Rodrigues Garcia;L;41;lisboa;1
Maria João Leitão do Valle – Independente;L;42;lisboa;0
José João Marques Querido;L;43;lisboa;1
Maria Isabel Freire Ribeiro Ferreira – Independente;L;44;lisboa;0
Tomás Ezra Casmarrinha Nunes;L;45;lisboa;1
Maria do Rosário da Conceição Esteves Pereira;L;46;lisboa;0
Francisco Brites de Araújo Lucas – Independente;L;47;lisboa;1
Cláudia Alexandra Santos Pinto;L;48;lisboa;0
Francisco João Maçãs Biscainho;L;1;portalegre;1
Maria da Conceição Mocinha Velez;L;2;portalegre;0
Eduardo Jorge Costa Pinto;L;1;porto;1
Ana Rita Baptista Ferreira;L;2;porto;0
Diamantino José Videira Matos Raposinho;L;3;porto;1
Filipa Maria Gonçalves Pinto;L;4;porto;0
Francisco Ferreira da Silva Paupério;L;5;porto;1
Ana Sofia Poças Ribeiro;L;6;porto;0
José Manuel André Ramos;L;7;porto;1
Anabela Peixoto Ferreira;L;8;porto;0
Miguel Alexandre Mendes Alves;L;9;porto;1
Irene Maria dos Santos Gomes;L;10;porto;0
Vítor Alexandre da Cunha Marmelo;L;11;porto;1
Inês Viana Pala;L;12;porto;0
Mário Rui Pinheiro Gaspar;L;13;porto;1
Susana Beirão Canelas;L;14;porto;0
Manuel Maria Bastos Rola Brito Guerra;L;15;porto;1
Rita Ribeiro da Silva;L;16;porto;0
Nuno Miguel Martins dos Santos Arada;L;17;porto;1
Inês Margarida do Valle Araújo Saraiva Wemans;L;18;porto;0
Rui Dinis Costa Lima da Silva;L;19;porto;1
Ana Isabel Cardoso Moreira;L;20;porto;0
Samuel da Silva Faria;L;21;porto;1
Ana Sofia Lage Mier Pelaez;L;22;porto;0
Rui Filipe Soares Moreira;L;23;porto;1
Sofia Verónica Oliveira Santos;L;24;porto;0
Miguel Castro Brandão;L;25;porto;1
Ana Luísa Bastos Rola Brito Guerra;L;26;porto;0
Henrique Taveira Couto Guedes Vasconcelos;L;27;porto;1
Mariana Alexandra do Couto Teixeira Santos;L;28;porto;0
Filipe Miguel Martins da Silva;L;29;porto;1
Inês Maria Petiz de Castro Viana;L;30;porto;0
Cláudio Jorge Oliveira Santos;L;31;porto;1
Íris Idália Relvas Martins Ferreira;L;32;porto;0
Márcio Daniel Pereira Barros;L;33;porto;1
Joana Vaz Pereira;L;34;porto;0
Patrick Fonseca Teixeira;L;35;porto;1
Daniela Margarida Bordalo Bento;L;36;porto;0
João Ricardo Corredoura Fanha;L;37;porto;1
Clarisse Moreira de Sousa;L;38;porto;0
Alberto Jorge Cardoso Neves de Castro;L;39;porto;1
Alexandra Katharina Nagenrauft da Silva;L;40;porto;0
Sandro Miguel Santos;L;1;santarem;1
Maria Luísa Alvarenga Vieira Dias;L;2;santarem;0
Pedro Mendonça;L;3;santarem;1
Teresa Brites - Independente;L;4;santarem;0
Sérgio Nunes;L;5;santarem;1
Susana Galamba - Independente;L;6;santarem;0
Mário Barreira;L;7;santarem;1
Ernestina Vieira - Independente;L;8;santarem;0
Henrique Rezende de Castro;L;9;santarem;1
Paulo Jorge Velez Muacho;L;1;setubal;1
Luciana Beatriz de Almeida da Cruz;L;2;setubal;0
Flávio André Gomes Oliveira;L;3;setubal;1
Ana Isabel Cerqueiro Militão Caetano Raposo Marques;L;4;setubal;0
Vasco Emanuel Teixeira da Silva;L;5;setubal;1
Mafalda Pires Gonçalves;L;6;setubal;0
Manuel Pedro dos Santos Rodrigues Pereira;L;7;setubal;1
Eugénia Maria Fernandes Costa;L;8;setubal;0
Nuno Miguel Brás Rolo;L;9;setubal;1
Ana Patrícia da Silva Afonso - Independente;L;10;setubal;0
Luis Filipe Tavares Marcelino Figueiredo;L;11;setubal;1
Isabel Maria Duarte Faria;L;12;setubal;0
Luís Filipe Alves Gorgulho;L;13;setubal;1
Joana Pinto Teixeira - Independente;L;14;setubal;0
Nuno Jorge Antunes Passinhas - Independente;L;15;setubal;1
Maria de Fátima Ferreira Serrano - Independente;L;16;setubal;0
Beatriz Filipe;L;17;setubal;0
Joaquim Augusto Miranda da Silva;L;18;setubal;1
Filipe Machado Faro da Costa;L;1;viana_c;1
Mónica Cristiana Castro de Sousa Pinto - Independente;L;2;viana_c;0
Pedro Gonçalo Nunes Mendes Caseiro Pereira;L;3;viana_c;1
Teresa Maria Marques Fernandes Rebelo;L;4;viana_c;0
José Bernardo Vilhena Júlio Marques Vidal;L;5;viana_c;1
Maria João Ferreira de Carvalho;L;6;viana_c;0
João Luís Nogueira da Silva;L;1;vila_r;1
Maria Emília Pereira Simões de Abreu;L;2;vila_r;0
Luís Manuel Teixeira Gomes Rebelo;L;3;vila_r;1
Magda Sofia Serrasqueiro Barata Lourenço;L;4;vila_r;0
Miguel João Paiva Bento;L;5;vila_r;1
Miguel Daiyen Carvalho Won;L;1;viseu;1
Inês Won Sampaio;L;2;viseu;0
Luís Henrique Pereira Braz Marques;L;3;viseu;1
Ana Marta Santos Salvado;L;4;viseu;0
Carlos Aldo Santos Oliveira;L;5;viseu;1
Maria Luísa Natário;L;6;viseu;0
Rui Manuel Moreira Vidal Simões;L;7;viseu;1
Maria João Dias Carrilho;L;8;viseu;0
José Tiago Silva Camacho - Independente;L;1;madeira;1
Lourdes Mendes Paiva - Independente;L;2;madeira;0
Paulo Ricardo Azevedo- Independente;L;3;madeira;1
Liliana Catarina Gomes Pereira - Independente;L;4;madeira;0
Francisco Tomás Franco Ferreira - Independente;L;5;madeira;1
Joana Raquel Bento Teixeira - Independente;L;6;madeira;0
José Manuel Viegas Oliveira Neto Azevedo;L;1;acores;1
Florbela Martins do Carmo;L;2;acores;0
Bernardo Maria de Castilho Baptista Fernandes;L;3;acores;1
Margarida do Carmo Afonso Pinto;L;4;acores;0
Anhelina Bykova;L;5;acores;0
Natércia das Neves Rodrigues Lopes;L;1;europa;0
Francisco Miguel de Abreu Duarte;L;2;europa;1
Geiziely Glícia Fernandes;L;1;fora;0
Marco Filipe Marques Craveiro;L;2;fora;1
Rui Carlos Medeiros Alvarenga;PAN;1;aveiro;1
Ana Teresa da Silva Gonçalves;PAN;2;aveiro;0
Ernesto Carlos Iglésias Morais;PAN;3;aveiro;1
Marta Elisa dos Santos Dutra;PAN;4;aveiro;0
Pedro Filipe Oliveira Rodrigues;PAN;5;aveiro;1
Andrea Carla Gonçalves Domingos;PAN;6;aveiro;0
João Miguel Pereira de Almeida;PAN;7;aveiro;1
Margarida Sofia Batista Antunes Rosa;PAN;8;aveiro;0
Nuno Micael Alvim Coelho da Silva;PAN;9;aveiro;1
Joana Catarina da Silva Pinto;PAN;10;aveiro;0
João Gaspar Vasconcelos de Azevedo;PAN;11;aveiro;1
Ana Cristina da Silva Maia;PAN;12;aveiro;0
Ricardo António Miranda Gaspar;PAN;13;aveiro;1
Isabel Maria Brito Portugal Raposo;PAN;14;aveiro;0
Sérgio André Santos Rodrigues;PAN;15;aveiro;1
Miguel Filipe Wilson Pinto Roby Ataíde;PAN;16;aveiro;1
Luís António de Matos Vicente;PAN;1;beja;1
Ana Cristina do Espírito Santo Piçarra;PAN;2;beja;0
Duarte Nuno Alexandre Malhão;PAN;3;beja;1
Júlio Rafael Leite Pinto;PAN;1;braga;1
Sandra Manuela da Costa Pimenta;PAN;2;braga;0
Tiago Jorge Monteiro Teixeira;PAN;3;braga;1
Diana Gomes Pereira Araújo;PAN;4;braga;0
Rui Miguel dos Santos Rocha;PAN;5;braga;1
Joana Carolina Mendes da Silva de Oliveira Mota;PAN;6;braga;0
Emanuel Silva Figueiredo;PAN;7;braga;1
Ana Paula Pimentel Monteiro;PAN;8;braga;0
Jorge Miguel da Rocha Esteves;PAN;9;braga;1
Taciana Isabel Azevedo dos Santos;PAN;10;braga;0
José Jorge de Sá Lamego;PAN;11;braga;1
Ana Rita Apolinário Figueiredo;PAN;12;braga;0
Nuno Filipe Teibão Martins da Silva;PAN;13;braga;1
Sidónia Isabela Martins Henriques;PAN;14;braga;0
Hélder Alexandre Costa Pereira;PAN;15;braga;1
Bebiana Alice Sarmento Brochado;PAN;16;braga;0
André Alexandre da Costa Teixeira;PAN;17;braga;1
Cláudia Márcia da Silva Miranda Faria;PAN;18;braga;0
Francisco Sidónio Faria Salgado;PAN;19;braga;1
Octávio José Pires;PAN;1;braKanca;1
Ana Maria Fernandes Pires;PAN;2;braKanca;0
Anabela Jesus Gomes Araújo;PAN;3;braKanca;0
Amália Cardoso Rodrigues;PAN;1;castelo_b;0
Fábio João Antunes Marçal;PAN;2;castelo_b;1
Sandra Geraldes Rodrigues Alves;PAN;3;castelo_b;0
Sérgio Filipe Gonçalves Lourenço;PAN;4;castelo_b;1
João Pedro Dias Fontes da Costa;PAN;1;coimbra;1
Marta Isabel Peixoto Guimarães da Cruz Correia;PAN;2;coimbra;0
Lucinda Isabel Martins de Campos;PAN;3;coimbra;0
Guilherme Morgado Coelho;PAN;4;coimbra;1
Mariana Rodrigues de Carvalho – Independente;PAN;5;coimbra;0
Magda Filipe de Brito Schindelar;PAN;6;coimbra;0
António Guilherme da Cruz Duarte Leal – Independente;PAN;7;coimbra;1
Pedro Filipe Valente Teixeira – Independente;PAN;8;coimbra;1
Carla Mariana Pereira Rodrigues Pinto;PAN;9;coimbra;0
Maria Alexandra Mendes Gil dos Reis Moreira;PAN;1;evora;0
Fernando José Ribeiro Lemos de Oliveira;PAN;2;evora;1
Laura Sofia Tavares Chaves Costa;PAN;3;evora;0
Ana Luísa Poeta Simões;PAN;1;faro;0
Saúl José Lopes Rosa;PAN;2;faro;1
Alexandre Topete Hipólito Pereira;PAN;3;faro;1
Daniela Marlene da Conceição Duarte;PAN;4;faro;0
Maria João Sacadura e Serrano;PAN;5;faro;0
Armando António Mestre Frade;PAN;6;faro;1
Sara Alexandra Gonçalves dos Santos;PAN;7;faro;0
Abílio de Jesus Nascimento Guerreiro;PAN;8;faro;1
Elza Maria Martins de Sousa Cunha;PAN;9;faro;0
Beatriz Salafranca Ferraz;PAN;1;guarda;0
Rita Manuela de Jesus Bastos Pires;PAN;2;guarda;0
Joaquim Ferreira Carvalho;PAN;3;guarda;1
Liliana Patrícia Silva Vieira;PAN;1;leiria;0
Norberto Lopes Ribeiro;PAN;2;leiria;1
Patrícia Isabel Santos Martinho;PAN;3;leiria;0
Judite Catarina Sousa Ventura;PAN;4;leiria;0
Eusébio Ricardo Areias Silva;PAN;5;leiria;1
Sandra Patrícia Pacheco Oliveira;PAN;6;leiria;0
Manuel Augusto Martins Moreira;PAN;7;leiria;1
Ana Sofia Santos Pereira;PAN;8;leiria;0
Paulo Alexandre Brites Monteiro;PAN;9;leiria;1
Teresa Margarida da Costa Araújo;PAN;10;leiria;0
Paula Inês Alves de Sousa Real;PAN;1;lisboa;0
Nelson José Basílio Silva;PAN;2;lisboa;1
Paula Alexandra Pinheirinho Jacinto e Nicolau;PAN;3;lisboa;0
Ricardo Martins Vicente;PAN;4;lisboa;1
Tânia Filipa Mesquita Madeira;PAN;5;lisboa;0
Filipe Bernardo da Costa Agostinho Rodrigues Lisboa;PAN;6;lisboa;1
Ana Sílvia Rodrigues Paixão Ferreira Marques;PAN;7;lisboa;0
Pedro Miguel Pereira Ferreira da Silva;PAN;8;lisboa;1
Isabel Maria Fidalgo Figueiredo do Carmo;PAN;9;lisboa;0
António Morgado Valente;PAN;10;lisboa;1
Sofia dos Santos Carvalho;PAN;11;lisboa;0
Pedro Filipe Fidalgo Marques;PAN;12;lisboa;1
Soraya Branco Ossman;PAN;13;lisboa;0
Philip David dos Santos Baverstock;PAN;14;lisboa;1
Maria de Fátima de Castro Cordeiro Cabral;PAN;15;lisboa;0
Nelson de Jesus Simões Batista;PAN;16;lisboa;1
Patrícia Leitão Mariano;PAN;17;lisboa;0
Darchite Jaiante Kantelal;PAN;18;lisboa;0
Linda Inês Rodrigues Gonçalves;PAN;19;lisboa;0
Carlos José Macedo;PAN;20;lisboa;1
Maria Helena Tavares Chaves Costa;PAN;21;lisboa;0
Pedro Miguel Guerreiro Nunes dos Santos;PAN;22;lisboa;1
Carla Patrícia Baltazar Serralha;PAN;23;lisboa;0
João Igor Lopes Adrega da Fonseca;PAN;24;lisboa;1
Marta Dias dos Santos;PAN;25;lisboa;0
Camilo Vasco dos Santos Ferro Soveral;PAN;26;lisboa;1
Verónica Cabral dos Santos;PAN;27;lisboa;0
Nuno Miguel Fragoso Ribeiro;PAN;28;lisboa;1
Mariana Amaral Figueira de Jesus;PAN;29;lisboa;0
Susana Gomes Ribeira;PAN;30;lisboa;0
Jorge Manuel Rodrigues da Silva;PAN;31;lisboa;1
Maria Eduarda de Azevedo Pires da Costa Ferraz;PAN;32;lisboa;0
Andreia Alexandra Rodrigues Alves;PAN;33;lisboa;0
Rui Miguel Caldas Nunes;PAN;34;lisboa;1
Lucinda da Conceição Romão Coelho;PAN;35;lisboa;0
Luís Filipe Mota Almeida;PAN;36;lisboa;1
Ana Maria Couto Gabriel Ribeirinho;PAN;37;lisboa;0
Miguel David Salema Quintela;PAN;38;lisboa;1
Susana do Rosário Trindade;PAN;39;lisboa;0
Albano Alves Pires;PAN;40;lisboa;1
Sarah Karina Armas Nordin;PAN;41;lisboa;0
Carla Maria Barradas Laranjeira;PAN;42;lisboa;0
Fernando Filipe Ronenberg;PAN;43;lisboa;1
Matilde Filipe Batalha Camilo;PAN;44;lisboa;0
Marco Marsili;PAN;45;lisboa;1
Mónica Monteiro Fragoso de Castro Inácio;PAN;46;lisboa;0
Nuno António Garcia Amarante;PAN;47;lisboa;1
Sandra Dolores Pinto Cóias;PAN;48;lisboa;0
Jorge Manuel Alcobia Pereira;PAN;1;portalegre;1
Telma Isabel Tavares Espírito Santo;PAN;2;portalegre;0
Bebiana Maria Ribeiro da Cunha;PAN;1;porto;0
Anabela Silva de Castro;PAN;2;porto;0
Paulo Nuno de Carneiro Vieira de Castro;PAN;3;porto;1
Nuno Rodrigo Andrade Tavares Pires;PAN;4;porto;1
Cristina Maria Nogueira da Costa Santos;PAN;5;porto;0
Jorge Manuel Pereira Ribeiro;PAN;6;porto;1
Ana Lúcia Pedro da Cruz;PAN;7;porto;0
Pedro Jorge Ribeiro de Castro Teixeira;PAN;8;porto;1
Rodrigo Campos Reis;PAN;9;porto;1
Maria João Lima Costa;PAN;10;porto;0
João Paulo Fangueiro Alves;PAN;11;porto;1
Paula Alexandra Pinho da Costa;PAN;12;porto;0
Rui André Carvalho Vidal;PAN;13;porto;1
Ilda Maria Sereno Duarte Leite Assunção;PAN;14;porto;0
António Carlos dos Santos Lopes Vieira;PAN;15;porto;1
Natacha Gambini Doria Meunier;PAN;16;porto;0
Albano Luís Pena Lemos Pires;PAN;17;porto;1
Vítor Fernando Paraty Matos Ribeiro;PAN;18;porto;1
Elsa Maria Coelho Pinto;PAN;19;porto;0
Ricardo Jorge Cardoso dos Santos Couto;PAN;20;porto;1
Hugo Jorge Monteiro de Pinho;PAN;21;porto;1
Teresa Olívia Ribeiro da Silva Passos Gonçalves;PAN;22;porto;0
Frederico António Nunes Ferronha;PAN;23;porto;1
Ana Maria Costa Santos Castro Dias;PAN;24;porto;0
António José de Azevedo Soares;PAN;25;porto;1
Sónia Maria Bacelar Brochado Coutinho;PAN;26;porto;0
Hugo Filipe Dias Ribeiro;PAN;27;porto;1
Maria Elena de Castro Henriques;PAN;28;porto;0
Maria de Lurdes Costa Amaral Delgado;PAN;29;porto;0
Pedro de Araújo Farinha;PAN;30;porto;1
Inês Isabel Geraldes Vaz;PAN;31;porto;0
Joana Teixeira Dumas;PAN;32;porto;0
Carlos Rafael Coutinho de Sousa;PAN;33;porto;1
Ana Sofia da Silva Vieira;PAN;34;porto;0
Sara Cristina da Silva Saraiva;PAN;35;porto;0
Miguel Ferraz Carneiro dos Santos Costa;PAN;36;porto;1
João Filipe Pires Borges;PAN;37;porto;1
Fernanda Pimenta Dias Roxo;PAN;38;porto;0
António José Guimarães Paiva Correia;PAN;39;porto;1
Isabel Maria dos Santos Moura;PAN;40;porto;0
Mónica Cristina Martins Gonçalves da Silva;PAN;1;santarem;0
Pedro Miguel Tavares Machado;PAN;2;santarem;1
Ana Cecília do Nascimento Dinis Pereira;PAN;3;santarem;0
Vera Fazenda Matos;PAN;4;santarem;0
Rui Miguel Meira Isabel;PAN;5;santarem;1
Rita Elisabete Antunes Gomes Bacalhau Lopes;PAN;6;santarem;0
Luís Pedro Quinteira Cordeiro Martinho;PAN;7;santarem;1
Teresa Lucília Dias Correia Ferreira;PAN;8;santarem;0
Manuel Jorge Brito Montenegro;PAN;9;santarem;1
Vítor Miguel da Silva Pinto;PAN;1;setubal;1
Mariana Vieira Crespo;PAN;2;setubal;0
Ivo Filipe Batista Gomes;PAN;3;setubal;1
Paulo Jorge Pires Moreira;PAN;4;setubal;1
Isabel Maria Raposo Costa Ferreira;PAN;5;setubal;0
Durval José Ferreira Próspero Salema;PAN;6;setubal;1
João Paulo Martins da Silva Frasco;PAN;7;setubal;1
Paula Margarida Costa Esteves da Costa;PAN;8;setubal;0
José Manuel Gomes Ferreira;PAN;9;setubal;1
Sónia Cristina dos Santos Pimentel Martins;PAN;10;setubal;0
António Joaquim Sota Martins;PAN;11;setubal;1
Ana Paula Coelho Abraços Mendes;PAN;12;setubal;0
Luís Humberto Pacheco Ferreira Teixeira;PAN;13;setubal;1
Diogo Ramalhete Macedo de Sousa Gomes;PAN;14;setubal;1
Maria Rute Ferreira de Oliveira Montalvo;PAN;15;setubal;0
Hélder António Neves da Silva;PAN;16;setubal;1
Maria Teresa Sousa Leitão;PAN;17;setubal;0
Ricardo Manuel da Cruz Reis;PAN;18;setubal;1
Miguel João Barata Marques de Queirós;PAN;1;viana_c;1
Karine Fátima da Costa Torres;PAN;2;viana_c;0
Maria Teresa Pereira Fontão;PAN;3;viana_c;0
Filipe Alves Freitas;PAN;4;viana_c;1
Paulo Alexandre Sampaio Ferreira das Neves;PAN;5;viana_c;1
Maria Ferreira Ramos Pereira;PAN;6;viana_c;0
José Maria dos Santos Castro;PAN;1;vila_r;1
Filipa Daniela Gomes Pires Alves;PAN;2;vila_r;0
José Maria Figueiredo Alves Meireles;PAN;3;vila_r;1
Maria de Lurdes Machado Santos;PAN;4;vila_r;0
Flávio Alexandre Ventura Batista;PAN;5;vila_r;1
Carolina Maria Pina de Almeida;PAN;1;viseu;0
Carolina Pia Barros Dias de Figueiredo;PAN;2;viseu;0
Bruno Miguel da Fonseca Marques;PAN;3;viseu;1
Maria da Conceição Dias de Oliveira;PAN;4;viseu;0
Cândido Monteiro Coelho;PAN;5;viseu;1
Sara Raquel Lunet Miroto;PAN;6;viseu;0
Alexandre Manuel da Silva Rodrigues;PAN;7;viseu;1
Vera Vanessa Ferreira Polónio;PAN;8;viseu;0
Joaquim José Batalha de Sousa;PAN;1;madeira;1
Nelson Alexandre Pereira da Rocha Almeida;PAN;2;madeira;1
Fabiana Sofia Nóbrega Fernandes;PAN;3;madeira;0
Hugo Miguel Andrade Pereira Olival;PAN;4;madeira;1
Válter Diogo Ornelas Ramos;PAN;5;madeira;1
Margarida Rosa Cardoso Silva Magalhães;PAN;6;madeira;0
Ana Maria Paulo Teixeira;PAN;1;acores;0
Frederico de Ornelas Bruges Cavaleiro Ferreira;PAN;2;acores;1
Sónia Alexandra Ramalho Domingos;PAN;3;acores;0
Dinarte Manuel Andrade Pimentel;PAN;4;acores;1
Lúcia de Freitas Silva;PAN;5;acores;0
Rogério Cristiano Rocha de Castro;PAN;1;europa;1
Sónia Patrícia Gavancha de Oliveira;PAN;2;europa;0
Nelson Correia Abreu;PAN;1;fora;1
Lara Quintano Condesso;PAN;2;fora;0
Adelino da Silva Nunes Pereira;PCP;1;aveiro;1
Juliana Filipa Carvalho da Silva;PCP;2;aveiro;0
Fausto Manuel da Silva Neves;PCP;3;aveiro;1
João José Neto Bernardo Ferreira;PCP;4;aveiro;1
Cristina Manuela Neves Tavares;PCP;5;aveiro;0
Joana Filipa Moreira Dias;PCP;6;aveiro;0
Justino de Jesus Pereira;PCP;7;aveiro;1
Matilde Santana Ferreira;PCP;8;aveiro;0
Isabel Cristina Lopes Tavares;PCP;9;aveiro;0
Nuno Filipe Moreira Teixeira;PCP;10;aveiro;1
Bruno Rafael Pereira Correia;PCP;11;aveiro;1
Maria Miguel Sá Tavares Lopes;PCP;12;aveiro;0
Isabel Cristina Pereira de Sousa Gomes;PCP;13;aveiro;0
João Miguel Canas Tavares;PCP;14;aveiro;1
Cláudia Susana Lima Pereira;PCP;15;aveiro;0
Pedro Alexandre Afonso Marques Tavares;PCP;16;aveiro;1
João Manuel lldefonso Dias - PCP;PCP;1;beja;1
Tomé Alexandre Martins Pires – PCP;PCP;2;beja;1
Sara Cristina Ramos Marcelino - PCP;PCP;3;beja;0
José Manuel Torcato Ribeiro – PCP;PCP;1;braga;1
Alberto Carlos Carvalho de Almeida – PCP;PCP;2;braga;1
Tânia Daniela Carvalho da Silva – PCP;PCP;3;braga;0
Maria do Carmo Castro Fernandes Cunha – PCP;PCP;4;braga;0
Filipe José Braga Moura Gomes – PEV;PCP;5;braga;1
Bárbara Seco de Barros – PCP;PCP;6;braga;0
Mário Jorge Gomes de Figueiredo – PCP;PCP;7;braga;1
Rosa Manuela Mota Guimarães – PCP;PCP;8;braga;0
Inês Alves Rodrigues – PCP;PCP;9;braga;0
Manuel Fernando Morgado Carvoeiro – PCP;PCP;10;braga;1
Ana Paula Quintela Rodrigues – PCP;PCP;11;braga;0
Joaquim Daniel Pereira Rodrigues – PCP;PCP;12;braga;1
Mariana Costa Prata – PCP;PCP;13;braga;0
Catarina Freitas Marques – PCP;PCP;14;braga;0
João Jorge Ferreira Baptista – PCP;PCP;15;braga;1
Francisco Manuel da Silva Vieira – PCP;PCP;16;braga;1
Ana Paula Fernandes Martins – PCP;PCP;17;braga;0
Vilma Catarina Vieira da Mota Barbosa – PCP;PCP;18;braga;0
Carmindo João da Costa Soares – PCP;PCP;19;braga;1
Joana Isabel Pires da Costa Monteiro - PCP;PCP;1;braKanca;0
Márcio José Castro Pinheiro - PCP;PCP;2;braKanca;1
Manuel Fernando dos Santos Mateus - PCP;PCP;3;braKanca;1
Jorge Manuel Roque Batista Fael - PCP;PCP;1;castelo_b;1
Ana Maria Ramos Pinto Leitão - PCP;PCP;2;castelo_b;0
Margarida Monteiro Gavinhos Martins Pacheco - PCP;PCP;3;castelo_b;0
Eduardo Abrantes Machado - PCP;PCP;4;castelo_b;1
Manuel Vaz Pires da Rocha - PCP;PCP;1;coimbra;1
Inês Seabra Henriques de Carvalho - PCP;PCP;2;coimbra;0
Filipa Malva do Vale Gameiro Cardoso - PCP;PCP;3;coimbra;0
Paulo Jorge Gaspar Coelho - PEV;PCP;4;coimbra;1
Laura Maria Tarrafa Pereira da Silva - PCP;PCP;5;coimbra;0
Paulo Sérgio Mendes da Costa de Matos Ferreira - PCP;PCP;6;coimbra;1
Francelina Conceição Rodrigues Cruz - PCP;PCP;7;coimbra;0
Adérito Luís Martins Araújo – PCP/Independente;PCP;8;coimbra;1
Rui Miguel Antunes Mendes - PCP;PCP;9;coimbra;1
João Guilherme Ramos Rosa de Oliveira;PCP;1;evora;1
Sara Luísa Dimas Fernandes;PCP;2;evora;0
Noel Alexandre Fontes Moreira;PCP;3;evora;1
Catarina Alexandra Matos Marques - PCP;PCP;1;faro;0
Mário Rodrigo de Sousa Cunha - PCP;PCP;2;faro;1
Joana Catarina Quintanova Sanches - PCP;PCP;3;faro;0
João Carlos Rodrigues Correia - PCP;PCP;4;faro;1
Maria Paula Andrade Santos Vilallonga - PEV;PCP;5;faro;0
Maria Clara Vieira de Andrade - PCP;PCP;6;faro;0
Nelson Capela Trindade - PCP;PCP;7;faro;1
João Carlos Guerreiro Jesus - PCP;PCP;8;faro;1
Maria Matilde Barão Afonso Mendonça - PCP;PCP;9;faro;0
André Tomás Pinto da Silva e Conceição Santos - PCP;PCP;1;guarda;1
Ilda Maria Silva Bernardo - PCP;PCP;2;guarda;0
Maria Inês Teixeira Tomé - PCP;PCP;3;guarda;0
Heloísa Augusta Baião de Brito Apolónia - PEV;PCP;1;leiria;0
João Paulo Quinzico Delgado - PCP;PCP;2;leiria;1
Alexandra Filipa de Araújo Seara Dengucho - PCP;PCP;3;leiria;0
Anabela Baptista Rodrigues dos Santos - PCP;PCP;4;leiria;0
Henrique Manuel Bento Fialho - PCP;PCP;5;leiria;1
Maria Clara Escudeiro Santana Abrantes - PCP;PCP;6;leiria;0
Rute Isabel Brazão Correia Azevedo - PCP;PCP;7;leiria;0
António Raposo Antunes Pires - PCP;PCP;8;leiria;1
Mariana da Conceição Santos Rocha - PCP;PCP;9;leiria;0
Jaime Manuel Ramos Pereira Portela - PCP;PCP;10;leiria;1
Jerónimo Carvalho de Sousa – PCP;PCP;1;lisboa;1
Alma Benedetti Croce Rivera – PCP;PCP;2;lisboa;0
Duarte Le Falher de Campos Alves – PCP;PCP;3;lisboa;1
Mariana da Conceição Pereira da Silva – PEV;PCP;4;lisboa;0
Cristina Pratas Cruzeiro – PCP;PCP;5;lisboa;0
Miguel Tiago Crispim Rosado – PCP;PCP;6;lisboa;1
João Eduardo Alves de Moura Geraldes – PCP;PCP;7;lisboa;1
Cristina Maria Saavedra Torres – PCP;PCP;8;lisboa;0
José Manuel Rodrigues de Oliveira – PCP;PCP;9;lisboa;1
João Manuel Peixoto Ferreira – PCP;PCP;10;lisboa;1
Deolinda Carvalho Machado – PCP;PCP;11;lisboa;0
Gonçalo Magalhães Paixão – PCP;PCP;12;lisboa;1
Ana Margarida Lopes Botelho – PCP;PCP;13;lisboa;0
Isabel Maria Quintas Barata Fernandes – PCP;PCP;14;lisboa;0
Ricardo Artur Pires Peixoto Costa – PCP;PCP;15;lisboa;1
Inês Cardoso das Neves Fernandes – PCP;PCP;16;lisboa;0
Isabel Maria Lopes Barbosa – PCP;PCP;17;lisboa;0
Gonçalo Filipe Vintém Caroço – PCP;PCP;18;lisboa;1
Seyne Yvonne dos Santos Torres – PCP;PCP;19;lisboa;0
Nuno Miguel Marques Libório – PCP;PCP;20;lisboa;1
Ana Joaquina Gomes Avoila – PCP;PCP;21;lisboa;0
Cláudia Alexandra de Sousa e Catarino Madeira – PEV;PCP;22;lisboa;0
Mário Jorge Jesus de Matos – PCP;PCP;23;lisboa;1
Catarina Sofia Rodrigues Cardoso – PCP;PCP;24;lisboa;0
Joana Rita Bonita Cordeiro – PCP;PCP;25;lisboa;0
Joaquim António Morais Ribeiro – PCP;PCP;26;lisboa;1
Ana Luísa Martins de Brito Sezudo – PCP;PCP;27;lisboa;0
Marina Aguiar de Albuquerque – PCP;PCP;28;lisboa;0
Carlos José Pereira da Silva Santos – PCP;PCP;29;lisboa;1
Anabela Nelas Rodrigues Silva – PCP;PCP;30;lisboa;0
Maria Joana Marques Gomes da Silva – PEV;PCP;31;lisboa;0
José Manuel Núncio Gabriel Pedroso – PCP;PCP;32;lisboa;1
Maria da Luz Ribeiro Nogueira – PCP;PCP;33;lisboa;0
Ricardo Manuel Francisco Miguel – PCP;PCP;34;lisboa;1
Beatriz Goulart da Silva Pinheiro – PEV;PCP;35;lisboa;0
Jakilson Jorge Ramos Pereira – PCP;PCP;36;lisboa;1
Ana Maria Chélo de Amaral – PCP;PCP;37;lisboa;0
Fernando Garcia Lopes Correia - PCP;PCP;38;lisboa;1
Diogo Miguel Correia Moura - PCP;PCP;39;lisboa;1
Carolina Alves Cardoso Lopes dos Santos - PCP;PCP;40;lisboa;0
David Augusto Figueiredo Luna de Carvalho - PCP;PCP;41;lisboa;1
Ana Sofia Moutinho Calado – PEV;PCP;42;lisboa;0
André Levy Martins Coelho – PCP;PCP;43;lisboa;1
Filipa Alexandra Marques da Costa – PCP;PCP;44;lisboa;0
Rita Rodrigues Branco – PCP;PCP;45;lisboa;0
Carlos Manuel dos Santos Prazeres – PCP;PCP;46;lisboa;1
Maria Silvandira Duarte da Costa – PCP;PCP;47;lisboa;0
Libério Violante Domingues - PCP;PCP;48;lisboa;1
Helena Isabel Duarte Neves -PCP;PCP;1;portalegre;0
Manuel Maria Libério Coelho - PCP;PCP;2;portalegre;1
Diana Jorge Martins Ferreira - PCP;PCP;1;porto;0
Ana Cristina Cardoso Dias Mesquita - PCP;PCP;2;porto;0
Manuel Vicente de Sousa Lima Loff - PCP;PCP;3;porto;1
Filipe Manuel Marques Pereira - PCP;PCP;4;porto;1
Maria Olinda Soares de Moura - PCP;PCP;5;porto;0
Bruna Rafaela da Costa Ribeiro - PCP;PCP;6;porto;0
Fernando Jorge da Silva e Sá - PEV;PCP;7;porto;1
Tiago Daniel da Costa Oliveira - PCP;PCP;8;porto;1
Carla Renata Gonçalves Freitas - PCP;PCP;9;porto;0
Sérgio Miguel Carvalho Januário - PCP;PCP;10;porto;1
Jaime Miguel Silva Toga Machado - PCP;PCP;11;porto;1
Madalena Castro Pinto - PCP;PCP;12;porto;0
Manuel Alfredo da Rocha Maia - PCP;PCP;13;porto;1
Rogério Ventura Lages dos Santos Reis - PCP;PCP;14;porto;1
Joana Isabel Teixeira Afonso Rodrigues - PCP;PCP;15;porto;0
Camilo Augusto de Vilhena Carneiro de Carvalho - PCP;PCP;16;porto;1
Pedro Jorge Martins Guedes Marques -PCP;PCP;17;porto;1
Manuela Do Espírito Santo Gonçalves Mangas - PCP;PCP;18;porto;0
José António Silva Pinto - PCP;PCP;19;porto;1
Maria Merlinde da Fonseca Magalhães Madureira - PCP;PCP;20;porto;0
João Carlos Fernandes Ferreira - PCP;PCP;21;porto;1
Maria de Fátima Teixeira Gomes Monteiro - PCP;PCP;22;porto;0
João Fernando de Freitas Torres - PCP;PCP;23;porto;1
Maria João Silva Antunes - PCP;PCP;24;porto;0
Inês Teixeira Barbedo Neves Maia - PCP;PCP;25;porto;0
Jorge Manuel Rodrigues Pereira Gomes - PCP;PCP;26;porto;1
Marlene Fernanda Moreira Santos Correia - PCP;PCP;27;porto;0
Maria de Lurdes Monteiro Ribeiro - PCP;PCP;28;porto;0
João Paulo Araújo Dupont - PCP;PCP;29;porto;1
Margarida Stoffel Mesquita Joyce Chalupa - PCP;PCP;30;porto;0
Diana Filipa Lopes Pereira -PCP;PCP;31;porto;0
Adriano Soares Ribeiro - PCP;PCP;32;porto;1
Diogo Henrique Lopes Pereira da Silva - PCP;PCP;33;porto;1
Priscila Valadão Lopes Baptista- PCP;PCP;34;porto;0
Miguel Ângelo Borges Pinto - PCP;PCP;35;porto;1
Célia Cristina Figueiredo Vareiro - PCP;PCP;36;porto;0
José António de Magalhães Gomes - PCP;PCP;37;porto;1
Bruno Ricardo Alves Ferreira - PCP;PCP;38;porto;1
Teresa Maria Pinto de Carvalho - PCP;PCP;39;porto;0
Júlio Manuel da Silva Ribeiro Campos - PEV;PCP;40;porto;1
António Filipe Gaião Rodrigues - PCP;PCP;1;santarem;1
Mário Fernando Atracado Pereira - PCP;PCP;2;santarem;1
Ana Paula Navalho David Cruz - PCP;PCP;3;santarem;0
Hélio Manuel Faria Justino - PCP;PCP;4;santarem;1
Francisco Miguel Baudoin Madeira Lopes - PEV;PCP;5;santarem;1
Gisela Maria Azevedo Trincão Matias - PCP;PCP;6;santarem;0
André Vieira Vassalo da Fonseca - PCP;PCP;7;santarem;1
Rogério da Silva Justino - PCP;PCP;8;santarem;1
Margarida Ricardo Vieira - PCP;PCP;9;santarem;0
Paula Alexandra Sobral Guerreiro Santos Barbosa – PCP;PCP;1;setubal;0
Bruno Ramos Dias – PCP;PCP;2;setubal;1
José Luís Teixeira Ferreira – PEV;PCP;3;setubal;1
Natacha Patrícia Bexiga Patinha – PCP;PCP;4;setubal;0
João Pedro Vaz Figueiredo – PCP;PCP;5;setubal;1
Susana Isabel Pereira Espada – PCP;PCP;6;setubal;0
Ricardo Manuel Aldeano Correia – PCP;PCP;7;setubal;1
Jorge Osvaldo Dias Santos Gonçalves – PCP;PCP;8;setubal;1
Maria João Correia Luís – PCP;PCP;9;setubal;0
Ricardo Manuel Araújo Teixeira – PCP;PCP;10;setubal;1
Tiago André Hortelão Aldeias – PEV;PCP;11;setubal;1
Ana Isabel Leonardo Baliza – PCP;PCP;12;setubal;0
Hélder Alexandre Gil Guerreiro – PCP;PCP;13;setubal;1
Viviana Maria Semedo Nunes – PCP;PCP;14;setubal;0
Ana Sofia Mestre Palma Patrício – PCP;PCP;15;setubal;0
Pedro David Monteiro Soares – PCP;PCP;16;setubal;1
Maria João Filipe Costa – PCP;PCP;17;setubal;0
Helena Manuela Gil Azinheira - PCP;PCP;18;setubal;0
Joaquim Celestino Simões Ribeiro – PCP;PCP;1;viana_c;1
Cátia Soraia Gaspar Cebolo – PCP;PCP;2;viana_c;0
Romão Paulo Amorim Fernandes de Araújo – PCP;PCP;3;viana_c;1
Rosa Maria Pereira de Sousa Fernandes – PCP;PCP;4;viana_c;0
Celina Araújo de Sousa – PEV;PCP;5;viana_c;0
José Manuel Silva da Cunha – PCP/Independente;PCP;6;viana_c;1
José Miguel Afonso Fernandes - PCP;PCP;1;vila_r;1
Júlia Violante de Carvalho Ribeiro Correia - PCP;PCP;2;vila_r;0
Maria Inês da França Torrado da Silva - PCP;PCP;3;vila_r;0
António Manuel Alves Serafim - PCP;PCP;4;vila_r;1
José Fernando Teixeira Moutinho - PEV;PCP;5;vila_r;1
Alexandre Costa e Sousa Hoffmann Castela;PCP;1;viseu;1
Maria Helena Lopes Barbosa;PCP;2;viseu;0
Nuno Diogo de Sousa Batista Coimbra;PCP;3;viseu;1
Isabel de Fátima Esteves Moreira Pires Souto;PCP;4;viseu;0
Maria Filomena de Matos Pires;PCP;5;viseu;0
Telmo Ricardo Aparício Reis;PCP;6;viseu;1
António Manuel Lareiro dos Santos;PCP;7;viseu;1
Sara Aurora dos Santos Arêde Carvalho;PCP;8;viseu;0
Herlanda Maria Gouveia Amado - PCP;PCP;1;madeira;0
Teresa Adelaide Mesquita Ferreira - PCP;PCP;2;madeira;0
Marco António Marques Fernandes – Independente/PEV;PCP;3;madeira;1
Duarte César Vieira Martins - PCP;PCP;4;madeira;1
Lídia Maria Aveiro Andrade Luís - PCP;PCP;5;madeira;0
António Alberto Pontes Gouveia - PCP;PCP;6;madeira;1
Maria Judite Pimentel Barros da Costa - PCP;PCP;1;acores;0
André Emanuel da Costa Goulart - PCP;PCP;2;acores;1
Maria do Natal Pereira Gouveia - PCP;PCP;3;acores;0
Vera Mónica Pacheco Correia - PEV;PCP;4;acores;0
Paulo Jorge da Silva Correia - Independente;PCP;5;acores;1
Joana de Abreu Carvalho - PCP;PCP;1;europa;0
Nuno Edgar Garcia da Silva - PCP;PCP;2;europa;1
Dulce Maria Simões Lopes Matias Kurtenbach - PCP;PCP;1;fora;0
Pedro Miguel Neves Teixeira - PCP;PCP;2;fora;1
Pedro Nuno de Oliveira Santos;PS;1;aveiro;1
Cláudia Maria Cruz Santos;PS;2;aveiro;0
Carlos Filipe de Andrade Neto Brandão;PS;3;aveiro;1
Porfírio Simões de Carvalho e Silva;PS;4;aveiro;1
Susana Alexandra Lopes Correia;PS;5;aveiro;0
Hugo Daniel Matos Oliveira;PS;6;aveiro;1
Joana Isabel Martins Rigueiro de Sá Pereira;PS;7;aveiro;0
Bruno Armando Aragão Henriques;PS;8;aveiro;1
Rosa Maria Monteiro Venâncio;PS;9;aveiro;0
Nuno Pinto de Almeida;PS;10;aveiro;1
Paulo Sérgio Gomes Tomaz;PS;11;aveiro;1
Domingas Maria Ramos Loureiro;PS;12;aveiro;0
Marisa Isabel Valente Couto;PS;13;aveiro;0
Bruno Marcelo Regalado Julião;PS;14;aveiro;1
Maria de Fátima Reis Laranjo Strecht Ribeiro;PS;15;aveiro;0
Délio Manuel Ferreira Carquejo;PS;16;aveiro;1
Pedro Nuno Raposo Prazeres do Carmo;PS;1;beja;1
Nelson Domingos Brito;PS;2;beja;1
Telma Cristina Felizardo Guerreiro;PS;3;beja;0
José Luís Pereira Carneiro;PS;1;braga;1
Maria Elisabete da Silva Duarte Matos;PS;2;braga;0
Joaquim Barroso de Almeida Barreto;PS;3;braga;1
Hugo Alexandre Polido Pires;PS;4;braga;1
Palmira Maciel Fernandes da Costa;PS;5;braga;0
Luís Miguel de Freitas Marques Carvalho Soares;PS;6;braga;1
Eduardo Salvador da Costa Oliveira;PS;7;braga;1
Anabela Pimenta de Lima de Deus Real;PS;8;braga;0
Pompeu Miguel NovaI da Rocha Martins;PS;9;braga;1
Gilberto António Sousa dos Anjos;PS;10;braga;1
Irene Manuela Ferreira da Costa;PS;11;braga;0
Diogo Rocha Cunha;PS;12;braga;1
António Ilídio Teixeira Machado;PS;13;braga;1
Vânia Filipa Vieira Da Cruz;PS;14;braga;0
Pedro Filipe Peixoto Da Costa;PS;15;braga;1
Isabel Maria da Rocha Dias Pinheiro de Oliveira;PS;16;braga;0
Tito Guilherme Barros Marques Evangelista e Sá;PS;17;braga;1
Anabela Maria de Sousa Lopes Alves;PS;18;braga;0
Ana Paula Carreira Gonçalves Moreira;PS;19;braga;0
João Alberto Sobrinho Teixeira;PS;1;braKanca;1
Berta Ferreira Milheiro Nunes;PS;2;braKanca;0
Jorge Manuel Nogueiro Gomes;PS;3;braKanca;1
João Alberto Sobrinho Teixeira;PS;7;braKanca;1
Berta Ferreira Milheiro Nunes;PS;8;braKanca;0
Jorge Manuel Nogueiro Gomes;PS;9;braKanca;1
Ana Maria Pereira Abrunhosa Trigueiros de Aragão;PS;1;castelo_b;0
João Paulo Marçal Lopes Catarino;PS;2;castelo_b;1
Nuno Jorge Cardona Fazenda de Almeida;PS;3;castelo_b;1
Paula Maria Fernandes Custódio Reis;PS;4;castelo_b;0
Marta Alexandra Fartura Braga Temido de Almeida Simões;PS;1;coimbra;0
Pedro Artur Barreirinhas Sales Guedes Coimbra;PS;2;coimbra;1
Tiago Estevão Martins;PS;3;coimbra;1
Raquel de Fátima Cardoso Ferreira;PS;4;coimbra;0
José Carlos Alexandrino Mendes;PS;5;coimbra;1
Ricardo Manuel Garrido Lino;PS;6;coimbra;1
Rosa Isabel Cruz;PS;7;coimbra;0
José Ricardo Miranda Dias;PS;8;coimbra;1
Maria Albertina Moleiro Ferreira Jorge;PS;9;coimbra;0
Luís Manuel Capoulas Santos;PS;1;evora;1
Norberto António Lopes Patinho;PS;2;evora;1
Carmen de Jesus Geraldo Carvalheira;PS;3;evora;0
Jamila Bárbara Madeira e Madeira;PS;1;faro;0
Jorge Manuel Nascimento Botelho;PS;2;faro;1
Luís Miguel da Graça Nunes;PS;3;faro;1
Isabel Cristina Andrez Guerreiro Bica;PS;4;faro;0
Francisco José Pereira Oliveira;PS;5;faro;1
Tatiana Henriques Homem de Gouveia;PS;6;faro;0
Ana Sofia Belchior da Silva Ferreira;PS;7;faro;0
Abel Filipe dos Santos Matinhos;PS;8;faro;1
Célia Maria Marques da Rosa Paz;PS;9;faro;0
Ana Manuel Jerónimo Lopes Correia Mendes Godinho;PS;1;guarda;0
António Herminio Carvalho Monteirinho;PS;2;guarda;1
Cristina Maria Figueiredo Almeida de Sousa;PS;3;guarda;0
António Lacerda Sales;PS;1;leiria;1
Eurico Jorge Nogueira Leite Brilhante Dias;PS;2;leiria;1
Catarina Teresa Rola Sarmento e Castro;PS;3;leiria;0
Sara Maria Belo Velez;PS;4;leiria;0
Salvador Portugal Formiga;PS;5;leiria;1
Jorge Gabriel Duarte Catana Monteiro Martins;PS;6;leiria;1
Cláudia Cristina Avelar Santos;PS;7;leiria;0
Pedro Henrique Brito Jardim de Canha;PS;8;leiria;1
Lilibeth Lopes Ferreira;PS;9;leiria;0
Henrique André da Silva Nicolau Estrelinha;PS;10;leiria;1
António Luís Santos da Costa;PS;1;lisboa;1
Edite de Fátima Santos Marreiro Estrela;PS;2;lisboa;0
Mariana Guimarães Vieira da Silva;PS;3;lisboa;0
José Duarte Piteira Rica Silvestre Cordeiro;PS;4;lisboa;1
Fernando Medina Maciel Almeida Correia;PS;5;lisboa;1
Graça Maria da Fonseca Caetano Gonçalves;PS;6;lisboa;0
Miguel de Oliveira Pires da Costa de Matos;PS;7;lisboa;1
Sérgio Alexandrino Monteiro do Monte;PS;8;lisboa;1
Maria da Luz Gameiro Beja Ferreira Rosinha;PS;9;lisboa;0
Marcos da Cunha e Lorena Perestrello de Vasconcelos;PS;10;lisboa;1
João Saldanha de Azevedo Galamba;PS;11;lisboa;1
Susana de Fátima Carvalho Amador;PS;12;lisboa;0
Sérgio Paulo Mendes de Sousa Pinto;PS;13;lisboa;1
Ana Sofia Pedroso Lopes Antunes;PS;14;lisboa;0
Pedro Filipe Mota Delgado Simões Alves;PS;15;lisboa;1
Maria de Fátima de Jesus Fonseca;PS;16;lisboa;0
Isabel de Lima Mayer Alves Moreira;PS;17;lisboa;0
Pedro Miguel de Sousa Barrocas Martinho Cegonho;PS;18;lisboa;1
Romualda Maria da Conceição Martins Nunes Fernandes;PS;19;lisboa;0
Miguel Filipe Pardal Cabrita;PS;20;lisboa;1
Rita Mafalda Nobre Borges Madeira;PS;21;lisboa;0
João Miguel Maçarico Nicolau;PS;22;lisboa;1
Ricardo Jorge Monteiro Lima;PS;23;lisboa;1
Vera Lúcia Raimundo Braz dos Santos;PS;24;lisboa;0
Diogo Feijóo Leão Campos Rodrigues;PS;25;lisboa;1
Pedro Miguel Machado Anastácio;PS;26;lisboa;1
Cristina Maria da Fonseca Santos Bacelar Begonha;PS;27;lisboa;0
Paulo Jorge Duarte Marques;PS;28;lisboa;1
Alexandra Nunes Esteves de Moura;PS;29;lisboa;0
Luís Oliveira dos Reis;PS;30;lisboa;1
Sérgio Alberto Marques dos Santos;PS;31;lisboa;1
Sara Saúde e Vida da Silva;PS;32;lisboa;0
Paulo Alexandre Dias de Vasconcelos Afonso;PS;33;lisboa;1
Davide Miguel Santos Amado;PS;34;lisboa;1
Cátia Patrícia Pinto Pimenta Ferreira Rosas Santos;PS;35;lisboa;0
Armando Jorge Paulino Domingos;PS;36;lisboa;1
Ana Beatriz Bernardo de Carvalho;PS;37;lisboa;0
Pedro Manuel Tavares Cabeça;PS;38;lisboa;1
Paula Alexandra Almeida da Cunha Alves;PS;39;lisboa;0
Pedro Duarte Alves de Lara Everard;PS;40;lisboa;1
Maria Fernanda dos Santos Gonçalves;PS;41;lisboa;0
Catarina da Silva;PS;42;lisboa;0
António Filipe Beja Pereira;PS;43;lisboa;1
Selene Caetano Martinho;PS;44;lisboa;0
Valter Januário Antunes Januário;PS;45;lisboa;1
Alexandra Santos Domingos Carvalho;PS;46;lisboa;0
Ana Margarida de Matos;PS;47;lisboa;0
Marcos Sá Rodrigues;PS;48;lisboa;1
Ricardo Miguel Furtado Pinheiro;PS;1;portalegre;1
Eduardo Miguel Oliveira Alves;PS;2;portalegre;1
Alexandre Tiedke Quintanilha;PS;1;porto;1
Maria do Rosário Gamboa Lopes de Carvalho;PS;2;porto;0
João Pedro Soeiro de Matos Fernandes;PS;3;porto;1
Maria Isabel Solnado Porto Oneto;PS;4;porto;0
João Paulo Moreira Correia;PS;5;porto;1
Ana Paula Mata Bernardo;PS;6;porto;0
João Veloso da Silva Torres;PS;7;porto;1
Tiago Barbosa Ribeiro;PS;8;porto;1
Cristina Maria Mendes da Silva;PS;9;porto;0
Eduardo Nuno Rodrigues e Pinheiro;PS;10;porto;1
Hugo Miguel da Costa Carvalho;PS;11;porto;1
Joana Fernanda Ferreira de Lima;PS;12;porto;0
Rui Carlos Morais Lage;PS;13;porto;1
Carlos Alberto Silva Braz;PS;14;porto;1
Patrícia Monte Pinto Ribeiro Faro;PS;15;porto;0
Carla Alexandra Magalhães de Sousa;PS;16;porto;0
Miguel dos Santos Rodrigues;PS;17;porto;1
Isabel Sofia Alves de Andrade;PS;18;porto;0
José Carlos Ribeiro Barbosa;PS;19;porto;1
Paulo César Araújo Correia;PS;20;porto;1
Maria João de Abreu Mena Guimarães e Castro;PS;21;porto;0
António Pedro Teixeira de Castro Lopes Faria;PS;22;porto;1
Catarina Maria Moreira das Neves Lobo;PS;23;porto;0
Marlene Cristina Mendes Teixeira;PS;24;porto;0
Hugo Miguel Sousa Lopes;PS;25;porto;1
Ana Marta Ribeiro Silva;PS;26;porto;0
Maria de Fátima Alves e Menezes de Figueiredo;PS;27;porto;0
Fábio André Faria Silva;PS;28;porto;1
Eduardo Miguel Sabino Guedes Barroco de Melo;PS;29;porto;1
Carlota Ferreira Brás César Teixeira;PS;30;porto;0
Hugo Fernando Carvalho Gonçalves;PS;31;porto;1
Paulo Jorge Vale das Neves;PS;32;porto;1
Beatriz Maria Barbosa Carvalho;PS;33;porto;0
Nuno André da Silva Moreira;PS;34;porto;1
Sílvia Ferreira Alves Moreira;PS;35;porto;0
Hugo Daniel Gilvaia de Sousa Pinto;PS;36;porto;1
Paulo Miguel Vieira Ferraz da Silva;PS;37;porto;1
Dora Marisa Gomes Pinto;PS;38;porto;0
Maria Inês Rocha Monteiro;PS;39;porto;0
Diogo Alves Moreira de Almeida e Silva;PS;40;porto;1
Alexandra Ludomila Ribeiro Fernandes Leitão;PS;1;santarem;0
Hugo Miguel Carvalheiro dos Santos Costa;PS;2;santarem;1
Maria do Céu de Oliveira Antunes;PS;3;santarem;0
Mara Lúcia Lagriminha Coelho;PS;4;santarem;0
Manuel António dos Santos Afonso;PS;5;santarem;1
Francisco Fernandes Dinis;PS;6;santarem;1
Fernanda Maria Pereira Asseiceira;PS;7;santarem;0
Ricardo José Pires Antunes;PS;8;santarem;1
Gustavo Gaudêncio da Costa;PS;9;santarem;1
Ana Catarina Veiga dos Santos Mendonça Mendes;PS;1;setubal;0
João Titterniton Gomes Cravinho;PS;2;setubal;1
Eurídice Maria de Sousa Pereira;PS;3;setubal;0
Jorge Filipe Teixeira Seguro Sanches;PS;4;setubal;1
António Manuel Veiga dos Santos Mendonça Mendes;PS;5;setubal;1
Maria Antónia Moreno Areias Almeida Santos;PS;6;setubal;0
André Alexandre Pinotes Batista;PS;7;setubal;1
Clarisse Maria Gaudino Veredas Campos;PS;8;setubal;0
Fernando Miguel Catarino José;PS;9;setubal;1
Ivan Costa Gonçalves;PS;10;setubal;1
Bárbara Andreia Gonçalves Dias;PS;11;setubal;0
Gil Manuel Antunes Figueiredo Costa;PS;12;setubal;1
Ana Isabel Correia dos Santos;PS;13;setubal;0
Eunice Maria Cândido Pratas;PS;14;setubal;0
António Hugo Lindo dos Santos Caracol;PS;15;setubal;1
Patrícia Alexandra da Silva Bento Caixinha;PS;16;setubal;0
Tiago Maria Jantarão Lopes da Silva;PS;17;setubal;1
Filipa Marta Torres Faria;PS;18;setubal;0
Tiago Brandão Rodrigues;PS;1;viana_c;1
Marina Sola Gonçalves;PS;2;viana_c;0
José Maria da Cunha Costa;PS;3;viana_c;1
Anabela de Jesus Sousa Rodrigues;PS;4;viana_c;0
Dora Maria Ramos de Abreu Brandão Machado Cruz;PS;5;viana_c;0
José Pedro Gomes Armada;PS;6;viana_c;1
Francisco José Ferreira da Rocha;PS;1;vila_r;1
Fátima Liliana Fontes Correia Pinto;PS;2;vila_r;0
Agostinho Gonçalves Alves da Santa;PS;3;vila_r;1
Susana Isabel Quintal Barroso;PS;4;vila_r;0
Carlos Fernando Costa Martins;PS;5;vila_r;1
João Nuno Ferreira Gonçalves Azevedo;PS;1;viseu;1
Lúcia Fernanda Ferreira Araújo da Silva;PS;2;viseu;0
José Rui Alves Duarte da Cruz;PS;3;viseu;1
João Paulo de Loureiro Rebelo;PS;4;viseu;1
Maria da Graça da Mouta Silva Reis;PS;5;viseu;0
Manuel António Rebelo Ferreira;PS;6;viseu;1
Diogo Gomes Carvalhas;PS;7;viseu;1
Sónia Isabel Anjos Numão Lopes;PS;8;viseu;0
Carlos João Pereira;PS;1;madeira;1
José Miguel Mafra lglésias;PS;2;madeira;1
Marta Luísa de Freitas;PS;3;madeira;0
Mara José Sousa Franco;PS;4;madeira;0
José Luís Silva Chá-Chá;PS;5;madeira;1
Ana Sofia Freitas Dias;PS;6;madeira;0
Francisco Miguel Vital Gomes do Vale César;PS;1;acores;1
Sérgio Humberto Rocha de Ávila;PS;2;acores;1
Isabel Maria Duarte de Almeida Rodrigues;PS;3;acores;0
João Fernando Brum de Azevedo e Castro;PS;4;acores;1
Cláudia Sofia Viegas Cabrita;PS;5;acores;0
Paulo Alexandre Carvalho Pisco;PS;1;europa;1
Natália Teixeira de Oliveira;PS;2;europa;0
Augusto Ernesto Santos Silva;PS;1;fora;1
Paulo Porto Fernandes;PS;2;fora;1
António Milton Topa Gomes;PSD;1;aveiro;1
Maria Paula da Graça Cardoso;PSD;2;aveiro;0
Ricardo Bastos Sousa;PSD;3;aveiro;1
Helga Alexandra Freire Correia;PSD;4;aveiro;0
Rui Miguel Rocha da Cruz;PSD;5;aveiro;1
Carla Manuela de Sousa Madureira;PSD;6;aveiro;0
Rui Filipe Vilar Gomes;PSD;7;aveiro;1
Jorge António Tavares de São José;PSD;8;aveiro;1
Susana Maria de Oliveira Lamas;PSD;9;aveiro;0
Ângelo José de Jesus Soares;PSD;10;aveiro;1
Adriana Helena da Silva Rodrigues;PSD;11;aveiro;0
António José de Oliveira e Sousa;PSD;12;aveiro;1
Elisabete Figueiredo Soares;PSD;13;aveiro;0
Jéssica Catarina Dias Gaudêncio;PSD;14;aveiro;0
Rui Manuel de Jesus Correia;PSD;15;aveiro;1
Diana Carolina de Jesus Santos Luzio;PSD;16;aveiro;0
Henrique Corrêa Silvestre Ferreira – Independente;PSD;1;beja;1
Inês Isabel Mota Batista;PSD;2;beja;0
Rui Manuel Veiga Mata;PSD;3;beja;1
André Guimarães Coelho Lima;PSD;1;braga;1
Firmino José Rodrigues Marques;PSD;2;braga;1
Maria Clara Gonçalves Marques Mendes;PSD;3;braga;0
Carlos Eduardo Vasconcelos Fernandes Ribeiro dos Reis;PSD;4;braga;1
Jorge Paulo da Silva Oliveira;PSD;5;braga;1
Maria Gabriela da Cunha Baptista Rodrigues da Fonseca;PSD;6;braga;0
Bruno Manuel Pereira Coimbra;PSD;7;braga;1
Carlos Manuel de Brito Cação;PSD;8;braga;1
Regina Carla Gomes Penedo;PSD;9;braga;0
Bruno Alberto Vieira Fernandes;PSD;10;braga;1
Cristiano António Coelho Pinheiro;PSD;11;braga;1
Maria Celeste Vilela Fernandes Cardoso;PSD;12;braga;0
João Manuel de Barros Figueiredo;PSD;13;braga;1
Jorge Alexandre Mendes Pedrosa;PSD;14;braga;1
Sofia Patrícia Travassos de Freitas Alcaide;PSD;15;braga;0
Laura Patrícia de Sousa Monteiro Magalhães;PSD;16;braga;0
Luís Manuel Brito da Silva Carvalho;PSD;17;braga;1
Clara Alexandra Paredes Castro;PSD;18;braga;0
Maria José Novais Turiz da Silva Ramos;PSD;19;braga;0
Adão José Fonseca Silva;PSD;1;braKanca;1
Paulo Jorge Almendra Xavier;PSD;2;braKanca;1
Cristina Maria Oliveira Miguel Rodrigues;PSD;3;braKanca;0
Cláudia Sofia Farinha André;PSD;1;castelo_b;0
Álvaro Manuel Reis Batista;PSD;2;castelo_b;1
Susana Sequeira Salvado;PSD;3;castelo_b;0
Diogo Serras Baptista dos Santos;PSD;4;castelo_b;1
Mónica Cláudia de Castro Quintela;PSD;1;coimbra;0
Maria de Fátima Simões Ramos do Vale Ferreira;PSD;2;coimbra;0
João Paulo Lima Barbosa de Melo;PSD;3;coimbra;1
Fernando Tavares Pereira;PSD;4;coimbra;1
Ana Elisabete Laborda Oliveira;PSD;5;coimbra;0
Carlos Miguel da Cruz Santo Gomes Fernandes;PSD;6;coimbra;1
Sandra Margarida Matias Andrade Fidalgo;PSD;7;coimbra;0
Olinda Maria Martinho Gonçalves Rio;PSD;8;coimbra;0
Nuno Miguel Almeida Alves;PSD;9;coimbra;1
Sónia Cristina Silva dos Ramos;PSD;1;evora;0
Francisco Maria Gonçalves Lopes Figueira;PSD;2;evora;1
João Carlos de Carvalho Branco Perdigão Marquês;PSD;3;evora;1
Luís Filipe Soromenho Gomes;PSD;1;faro;1
Rui Celestino dos Santos Cristina;PSD;2;faro;1
Ofélia Isabel Andrés da Conceição Ramos;PSD;3;faro;0
Dinis Manuel da Palma Faísca;PSD;4;faro;1
Álvaro José Martins Viegas;PSD;5;faro;1
Helena Maria Palhota Dias Simões;PSD;6;faro;0
Bruno Sousa Costa;PSD;7;faro;1
Tiago Alexandre Godinho Mateus;PSD;8;faro;1
Inês Tamissa de Barros;PSD;9;faro;0
Gustavo de Sousa Duarte;PSD;1;guarda;1
João José Pina Prata;PSD;2;guarda;1
Sara Filipa Saraiva dos Santos;PSD;3;guarda;0
Paulo Cardoso Correia da Mota Pinto;PSD;1;leiria;1
Hugo Patrício Martinho de Oliveira;PSD;2;leiria;1
Olga Cristina Fino Silvestre;PSD;3;leiria;0
João Manuel Gomes Marques;PSD;4;leiria;1
João Carlos Barreiras Duarte;PSD;5;leiria;1
Célia Cristina Martins dos Santos Freire;PSD;6;leiria;0
Álvaro José Madureira;PSD;7;leiria;1
João Paulo Antunes dos Santos;PSD;8;leiria;1
Sofia Isabel Carreira;PSD;9;leiria;0
Alda Maria das Neves Delgado Correia de Carvalho;PSD;10;leiria;0
Ricardo Augusto Guerreiro Batista Leite;PSD;1;lisboa;1
José Maria Lopes Silvano;PSD;2;lisboa;1
Isabel Maria Meireles;PSD;3;lisboa;0
Joaquim José Miranda Sarmento;PSD;4;lisboa;1
Duarte Rogério Matos Ventura Pacheco;PSD;5;lisboa;1
Lina Maria Cardoso Lopes;PSD;6;lisboa;0
Tiago da Mota Veiga Moreira de Sá;PSD;7;lisboa;1
António Pedro Roque da Visitação Oliveira;PSD;8;lisboa;1
Joana Catarina Barata Reis Lopes;PSD;9;lisboa;0
Alexandre Damasceno da Silva Poço;PSD;10;lisboa;1
António Manuel Pimenta Proa;PSD;11;lisboa;1
Maria Emília Apolinário Sota Felicíssimo;PSD;12;lisboa;0
Alexandre Bernardo de Macedo e Lopes Simões;PSD;13;lisboa;1
João Carlos da Silva Bastos Dias Coelho;PSD;14;lisboa;1
Cristina Ferreira de Oliveira;PSD;15;lisboa;0
Rodrigo Nuno Elias Gonçalves Silva;PSD;16;lisboa;1
Pedro Henrique Godinho Barreira Castanheira Lopes;PSD;17;lisboa;1
Sandra Regina Rodrigues Mendes de Campos Luís Gadanho;PSD;18;lisboa;0
Américo Manuel de Brito Vitorino;PSD;19;lisboa;1
Hugo Miguel da Silva Roque;PSD;20;lisboa;1
Filipa Rei Barata de Oliveira Guimarães Cabral da Camara;PSD;21;lisboa;0
Nuno Miguel Almeida dos Santos Henriques;PSD;22;lisboa;1
Sofia Margarida Vala Rocha;PSD;23;lisboa;0
António de Jesus Seixas;PSD;24;lisboa;1
Andreia Filipa Neves Bernardo;PSD;25;lisboa;0
Maria da Glória Fernandes Sarmento;PSD;26;lisboa;0
Carlos Manuel dos Santos Batista da Silva;PSD;27;lisboa;1
Gonçalo Martins Conde da Costa;PSD;28;lisboa;1
Sandra Cristina de Sequeiros Pereira;PSD;29;lisboa;0
Rui Ribeiro Rei;PSD;30;lisboa;1
Sónia Marques Oliveira;PSD;31;lisboa;0
Marta Regina Silva dos Santos Vieira;PSD;32;lisboa;0
Nuno Miguel Ribeiro de Vasconcelos Botelho;PSD;33;lisboa;1
Ana Sofia Fernandes Bettencourt;PSD;34;lisboa;0
Édi Gabriel Maia Gomes;PSD;35;lisboa;1
António Jorge de Oliveira Lopes;PSD;36;lisboa;1
Ana Isabel Pais Pacheco Valente;PSD;37;lisboa;0
Álvaro da Silva Amorim de Sousa Carneiro;PSD;38;lisboa;1
Ana Maria de Campos Pedroso Mateus;PSD;39;lisboa;0
Manuel Luís Oliveira Castelo;PSD;40;lisboa;1
Francisco Américo Maurício Domingues;PSD;41;lisboa;1
Rita Maria Antunes Nery;PSD;42;lisboa;0
Regina Gomes Condessa;PSD;43;lisboa;0
Jorge Manuel da Silveira Rodrigues Barata;PSD;44;lisboa;1
Liliana Fidalgo Dias;PSD;45;lisboa;0
José Augusto de Jesus Felício;PSD;46;lisboa;1
Nina Moreira Pires de Sousa Santos e Geraldes Rodrigues;PSD;47;lisboa;0
Nelson Miguel Rodrigues Coelho;PSD;48;lisboa;1
João Pedro Cachiço Ribeiro Luís;PSD;1;portalegre;1
Luís Miguel Casqueiro Romão;PSD;2;portalegre;1
Sofia Helena Correia Fernandes Sousa Matos;PSD;1;porto;0
Rui Fernando da Silva Rio;PSD;2;porto;1
Paulo César Rios de Oliveira;PSD;3;porto;1
Catarina Leite de Faria da Rocha Ferreira;PSD;4;porto;0
Afonso Gonçalves da Silva Oliveira;PSD;5;porto;1
Hugo Miguel Sousa Carneiro;PSD;6;porto;1
Márcia Isabel Duarte Passos Resende;PSD;7;porto;0
Paulo Fernando de Sousa Ramalho;PSD;8;porto;1
Rui Pedro Guimarães de Melo Carvalho Lopes;PSD;9;porto;1
Maria Germana de Sousa Rocha;PSD;10;porto;0
Paulo Miguel da Silva Santos;PSD;11;porto;1
Joaquim José Pinto Moreira;PSD;12;porto;1
Andreia Carina Machado da Silva Neto;PSD;13;porto;0
Firmino Jorge Anjos Pereira;PSD;14;porto;1
António Duarte Conde Almeida da Cunha;PSD;15;porto;1
Rosina Patrícia Ribeiro Pereira;PSD;16;porto;0
César Jorge da Silva Vasconcelos;PSD;17;porto;1
Nuno Filipe de Sá Costa;PSD;18;porto;1
Ana Clara Nobre Durana;PSD;19;porto;0
Mariana Ferreira Ribeiro Macedo;PSD;20;porto;0
Mário Armando Martins Duarte;PSD;21;porto;1
Ana Raquel Coelho Azevedo;PSD;22;porto;0
Miguel Almeida Corte-Real Gomes;PSD;23;porto;1
Sandra Maria Araújo de Amorim;PSD;24;porto;0
António Manuel Moreira Coelho;PSD;25;porto;1
Cristiana Susete Martins Seabra;PSD;26;porto;0
Alberto Jorge Torres da Silva Fonseca;PSD;27;porto;1
Lucinda Silva Fonseca Moreira;PSD;28;porto;0
Maria João Esteves Magalhães;PSD;29;porto;0
Francisco José de Sousa Vieira;PSD;30;porto;1
José Miguel Pinto Pereira;PSD;31;porto;1
Maria José Pinto Cerqueira;PSD;32;porto;0
Carlos Jorge Castro Alves;PSD;33;porto;1
Paula Cristina Dinis Pinto;PSD;34;porto;0
Jorge André Soares Barbosa;PSD;35;porto;1
Cecília Alexandra da Costa Pereira;PSD;36;porto;0
Paula Susana Ribeiro Ferreira;PSD;37;porto;0
Carlos Alberto Freitas Miranda;PSD;38;porto;1
Célia da Silva Carneiro;PSD;39;porto;0
Alberto Amaro Guedes Machado;PSD;40;porto;1
Isaura Maria Crisóstomo Bernardino Morais;PSD;1;santarem;0
João Manuel Moura Rodrigues;PSD;2;santarem;1
Maria Inês Leiria Barroso;PSD;3;santarem;0
Rui Miguel Garrido Conde Andrade Rufino;PSD;4;santarem;1
Tiago Ribeiro de Carvalho Ferreira;PSD;5;santarem;1
Susana Cristina Coelho da Silva Pitta Soares;PSD;6;santarem;0
Tiago Manuel Henriques Carrão;PSD;7;santarem;1
Sónia Patrícia da Silva Ferreira Quintino;PSD;8;santarem;0
Susana Isabel Ferreira Vitorino;PSD;9;santarem;0
Nuno Miguel Oliveira Carvalho;PSD;1;setubal;1
Fernando Mimoso Negrão;PSD;2;setubal;1
Maria Fernanda Pardaleiro Velez;PSD;3;setubal;0
João Pedro Vila Viçosa Louro;PSD;4;setubal;1
Paulo Jorge Simões Ribeiro;PSD;5;setubal;1
Cláudia Alexandra Martins de Oliveira;PSD;6;setubal;0
Lina Cristina de Matos Gonzalez;PSD;7;setubal;0
Luís Carlos Tavares Bravo;PSD;8;setubal;1
Jacinto Luís Mendes Ventura;PSD;9;setubal;1
Joana Filipa Aguiar Medeira;PSD;10;setubal;0
Paulo Edson Carvalho Borges da Cunha;PSD;11;setubal;1
Luís Filipe dos Santos;PSD;12;setubal;1
Lénia Mendonça Marques dos Anjos;PSD;13;setubal;0
Carlos Miguel Viegas Vitorino;PSD;14;setubal;1
João Miguel Rosado Figueiredo da Silva;PSD;15;setubal;1
Helena Maria Gomes de Sousa Prado;PSD;16;setubal;0
Cláudia Julieta Gonçalves Coelho da Silva;PSD;17;setubal;0
Bernardo Rocha Baião;PSD;18;setubal;1
Jorge Manuel Salgueiro Mendes;PSD;1;viana_c;1
Maria Emília e Sousa Cerqueira;PSD;2;viana_c;0
João Carlos Araújo Rêgo Montenegro;PSD;3;viana_c;1
José Carlos do Lago Gonçalves;PSD;4;viana_c;1
Felismina Carlota Seixas da Rocha Barros – Independente;PSD;5;viana_c;0
Vítor Morais da Cruz – Independente;PSD;6;viana_c;1
Artur José Montenegro Soveral Freire de Andrade - Independente;PSD;1;vila_r;1
Cláudia Patrícia Quitério Bento - Independente;PSD;2;vila_r;0
André Pereira Cardoso Marques;PSD;3;vila_r;1
Miguel de Matos Esteves;PSD;4;vila_r;1
Paula Cristina Lopes Costa;PSD;5;vila_r;0
Hugo Daniel Alves Martins de Carvalho;PSD;1;viseu;1
António Guilherme de Jesus Pais de Almeida;PSD;2;viseu;1
Cristiana Maria da Silva Ferreira;PSD;3;viseu;0
Hugo João Ribeiro Maravilha;PSD;4;viseu;1
Domingos Manuel Pinto Nascimento;PSD;5;viseu;1
Ana Raquel Correia Pinto;PSD;6;viseu;0
Ana Cristina Fernandes Pais;PSD;7;viseu;0
Paulo Alexandre Ribeiro Bito;PSD;8;viseu;1
Mário Sérgio Quaresma Gonçalves Marques – PPD/PSD;PSD;1;madeira;1
Sara Martins Marques Santos Madruga da Costa - PPD/PSD;PSD;2;madeira;0
Cláudia Patricia Homem de Gouveia Dantas - PPD/PSD;PSD;3;madeira;0
João Dinis Santos Ramos - PPD/PSD;PSD;4;madeira;1
Gonçalo Nuno Freitas Santos - PPD/PSD;PSD;5;madeira;1
Jéssica José Ferreira Faria - PPD/PSD;PSD;6;madeira;0
Paulo Alexandre Luís Botelho Moniz;PSD;1;acores;1
Francisco José Duarte Pimentel;PSD;2;acores;1
Ilídia Maria da Silva Fialho Quadrado;PSD;3;acores;0
Eunice Maria Pinheiro Sousa;PSD;4;acores;0
Emanuel Raimundo Pereira de Sousa;PSD;5;acores;1
Maria Ester Vargas de Almeida e Silva;PSD;1;europa;0
Victor Manuel Alves Gomes;PSD;2;europa;1
António Alberto Maló de Abreu;PSD;1;fora;1
Manuel Magno Alves - Independente;PSD;2;fora;1
